cell_id	c0	c1	c2	c3	c4	c5	c6	c7	c8	c9	c10	c11	c12	c13	c14	c15	c16	c17	c18	c19	c20	c21	c22	c23	c24	c25	c26	c27	c28	c29	c30	c31	c32	c33	c34	c35	c36	c37	c38	c39	c40	c41	c42	c43	c44	c45	c46	c47	c48	c49	c50	c51	c52	c53	c54	c55	c56	c57	c58	c59	c60	c61	c62	c63	c64	c65	c66	c67	c68	c69	c70	c71	c72	c73	c74	c75	c76	c77	c78	c79	c80	c81	c82	c83	c84	c85	c86	c87	c88	c89	c90	c91	c92	c93	c94	c95	c96	c97	c98	c99	c100	c101	c102	c103	c104	c105	c106	c107	c108	c109	c110	c111	c112	c113	c114	c115	c116	c117	c118	c119	c120	c121	c122	c123	c124	c125	c126	c127	c128	c129	c130	c131	c132	c133	c134	c135	c136	c137	c138	c139	c140	c141	c142	c143	c144	c145	c146	c147	c148	c149	c150	c151	c152	c153	c154	c155	c156	c157	c158	c159	c160	c161	c162	c163	c164	c165	c166	c167	c168	c169	c170	c171	c172	c173	c174	c175	c176	c177	c178	c179	c180	c181	c182	c183	c184	c185	c186	c187	c188	c189	c190	c191	c192	c193	c194	c195	c196	c197	c198	c199
0	1	1	1	0	1	1	1	1	1	3	1	3	0	0	0	0	0	0	0	1	0	1	1	0	0	3	0	1	1	1	0	1	3	3	1	1	1	1	1	0	1	1	0	0	0	0	3	3	0	3	0	0	3	0	0	0	0	0	0	3	0	0	0	0	0	0	0	0	0	1	0	3	0	3	0	0	0	0	0	0	0	1	1	1	3	3	1	1	0	0	0	0	0	0	0	0	0	0	0	0	0	0	0	0	0	0	0	3	0	0	3	3	0	3	0	0	0	0	0	0	0	0	0	0	3	0	0	0	3	0	1	0	0	0	0	0	0	0	3	3	0	0	0	3	0	1	3	0	0	3	3	3	0	0	3	0	0	0	3	0	0	0	0	0	1	0	0	0	0	0	0	3	0	0	0	0	0	0	0	3	0	0	3	0	0	0	0	0	0	0	0	3	0	3	0	0	0	3	1	0
1	1	1	1	1	1	3	3	1	1	1	3	0	0	3	0	0	0	0	0	1	1	1	1	1	3	1	1	1	1	1	1	1	0	1	0	1	1	0	3	3	0	3	0	0	0	0	0	0	0	0	0	3	0	0	0	0	0	0	0	0	0	0	0	0	0	3	3	0	0	3	0	3	0	3	0	3	0	0	0	0	0	1	1	1	0	1	3	1	0	0	0	0	0	0	0	0	0	3	0	0	0	0	0	3	3	0	0	1	0	0	0	0	0	3	0	0	0	0	0	3	0	0	3	0	3	0	0	0	3	0	0	0	3	0	0	0	0	0	0	0	3	0	3	0	0	0	0	3	0	0	0	0	0	0	0	0	0	0	0	0	0	3	0	0	3	0	0	0	0	3	3	0	0	0	0	0	3	3	3	0	0	1	0	0	0	0	0	0	0	3	0	3	3	0	3	0	0	0	0	0
2	1	1	3	1	1	3	3	1	1	1	1	0	3	3	0	3	0	0	0	1	3	3	1	3	0	0	0	1	1	3	0	1	1	1	3	1	3	3	0	1	3	1	0	0	0	3	0	0	0	0	0	0	0	0	0	0	0	0	0	0	3	3	0	3	0	0	0	0	3	1	0	0	0	0	0	0	0	0	0	3	3	3	3	1	1	1	3	1	0	0	0	0	0	0	0	3	0	0	0	0	0	3	0	3	0	0	0	3	0	3	0	0	3	3	0	0	0	3	0	0	0	0	0	0	0	0	0	0	0	0	0	0	0	3	3	3	0	0	0	0	0	3	0	0	0	0	0	0	0	0	0	0	0	0	0	0	0	3	0	0	3	0	0	0	0	0	0	3	0	0	0	0	0	0	3	0	3	0	0	0	0	0	0	0	0	0	0	0	0	3	0	0	3	0	3	0	0	0	0	0
3	0	1	3	3	1	3	0	1	1	1	0	0	0	0	0	1	0	3	0	1	3	1	0	1	1	3	1	1	1	0	1	1	0	0	1	1	1	1	1	1	1	1	0	0	0	0	0	0	0	0	0	3	3	0	0	0	0	0	0	0	0	0	0	3	3	0	0	0	0	3	3	0	0	0	0	0	0	0	0	0	0	1	1	3	0	3	1	1	0	0	0	0	3	0	0	0	0	3	0	0	3	0	0	3	0	0	0	3	0	0	0	3	0	0	0	0	0	0	0	0	0	3	0	0	3	0	3	0	0	0	3	0	1	3	3	0	0	0	3	3	0	0	0	3	0	0	0	0	0	0	0	0	0	0	0	0	3	0	3	0	3	3	0	0	3	0	0	0	0	0	0	3	0	0	3	0	0	3	0	0	3	0	0	0	0	3	0	0	0	0	0	0	0	3	3	3	0	0	0	0
4	0	3	3	3	0	1	1	0	1	1	1	0	3	3	1	0	0	0	0	0	3	3	0	1	3	3	1	1	3	1	1	1	3	1	1	3	0	1	0	1	1	1	0	3	0	0	3	0	0	0	0	0	0	0	0	0	0	0	0	0	0	0	0	0	3	0	0	0	0	0	3	0	3	3	0	0	0	0	0	0	0	1	3	3	1	1	1	0	0	0	0	3	3	3	0	0	1	0	0	0	0	0	0	0	0	0	0	0	0	0	3	0	0	3	0	0	0	3	0	0	3	0	0	0	0	0	0	0	0	3	3	0	3	0	0	0	3	0	0	0	3	0	0	3	0	0	3	3	0	0	0	3	0	0	0	0	0	0	0	3	3	0	0	0	0	0	0	0	0	3	0	0	0	0	3	0	0	0	0	3	0	0	0	3	0	0	0	0	0	0	0	0	0	0	0	3	0	0	3	0
5	1	1	1	1	0	0	1	1	0	1	1	0	0	3	0	0	0	0	0	1	3	1	1	1	3	1	1	1	1	0	1	1	1	1	1	1	3	0	3	3	3	1	0	0	0	0	0	0	0	3	0	0	0	3	0	3	0	0	0	0	0	0	3	0	3	0	0	0	0	0	0	3	0	3	0	0	0	3	0	0	0	1	1	3	1	1	3	1	0	0	0	0	0	0	0	0	0	0	0	0	3	0	0	0	0	0	0	3	0	0	0	0	0	0	3	3	0	0	3	3	0	0	0	0	1	0	0	0	0	0	0	3	0	3	0	0	0	0	0	0	0	0	0	0	0	0	3	0	0	0	3	0	3	0	3	0	0	0	3	3	0	0	0	3	0	0	0	0	3	0	3	0	0	0	0	0	3	0	0	3	0	3	0	3	3	0	0	0	3	0	0	3	0	0	0	0	3	0	0	0
6	3	1	1	0	3	1	1	1	1	3	1	0	0	0	0	0	3	0	0	0	3	1	3	0	0	3	1	3	1	1	1	1	1	1	1	1	1	3	0	0	0	3	0	3	0	0	3	3	0	0	0	0	0	3	3	3	0	0	0	3	0	0	3	3	3	0	3	0	3	0	3	0	0	3	0	3	0	0	0	0	0	3	1	0	1	1	1	1	3	3	0	3	3	3	3	3	0	0	0	0	0	0	0	0	0	3	0	0	0	0	0	3	0	0	0	0	0	0	0	0	3	0	3	0	0	0	0	0	0	3	3	0	0	0	0	0	0	0	0	0	0	0	0	0	0	0	0	0	0	0	0	0	0	3	0	0	0	0	0	0	0	0	0	0	3	0	0	0	0	3	0	3	0	0	0	0	0	0	0	0	0	0	0	0	0	0	0	0	3	0	0	0	3	0	0	3	0	0	0	0
7	1	1	0	3	1	1	3	1	0	1	3	3	0	3	0	0	0	0	3	1	1	0	1	1	1	3	1	0	1	1	1	3	1	1	1	3	1	1	1	1	1	1	3	0	0	0	0	0	3	0	0	0	0	0	3	0	0	0	3	0	0	0	0	0	0	0	0	3	0	0	0	0	0	0	0	0	0	0	3	0	0	1	3	1	0	3	1	1	0	0	0	0	3	0	3	0	0	0	0	0	0	0	0	0	3	0	0	3	0	0	0	0	0	0	3	0	0	0	3	0	0	0	3	3	3	3	0	0	0	0	0	3	0	0	0	0	3	0	3	0	3	0	0	3	0	0	0	3	0	0	0	0	0	0	0	0	0	0	0	0	0	3	0	0	0	0	0	0	0	0	3	0	0	0	3	0	0	0	0	0	0	0	0	0	0	0	0	0	0	0	0	0	0	0	0	0	0	3	0	0
8	1	1	3	3	1	1	3	0	1	3	1	3	0	0	3	0	0	0	0	1	1	3	3	1	1	1	1	1	1	1	1	3	1	1	0	0	1	1	1	1	0	3	0	3	3	0	0	0	0	3	0	3	0	3	3	0	3	0	0	0	0	3	3	0	0	0	0	0	0	0	0	0	3	0	0	3	0	0	0	0	3	1	1	3	1	1	1	1	0	0	3	0	0	0	3	0	3	0	0	3	0	0	0	3	3	0	0	0	0	0	0	1	3	0	0	3	0	0	0	3	0	0	0	3	0	0	0	0	3	0	0	0	0	3	0	0	0	0	0	0	0	0	0	0	3	0	0	0	0	0	0	3	0	0	0	3	0	0	0	0	0	3	0	0	0	3	0	3	0	0	3	0	0	0	3	0	0	0	3	3	0	0	0	0	3	0	0	0	0	0	0	3	0	0	0	3	0	0	0	0
9	0	1	1	0	3	3	1	1	1	1	0	0	3	0	0	0	0	0	0	0	3	3	1	1	0	1	0	1	1	1	1	3	1	1	1	1	1	3	1	1	1	1	0	0	3	0	3	0	3	3	0	3	0	0	0	0	0	0	0	3	0	3	3	0	3	0	0	0	3	0	0	3	3	0	0	0	0	0	0	0	0	1	3	1	1	3	0	1	1	0	0	0	0	0	3	0	0	3	0	3	3	0	0	0	0	0	0	0	0	3	0	3	3	0	0	3	0	0	0	0	0	3	0	0	0	3	3	0	3	0	3	0	0	0	0	0	0	0	0	0	0	0	3	0	0	0	0	0	0	0	0	0	0	0	3	0	0	0	0	0	0	0	0	0	0	0	3	0	0	3	0	0	3	0	3	0	0	0	0	0	0	0	0	0	0	3	0	0	0	0	0	0	0	0	0	0	0	0	0	0
10	3	1	0	1	1	0	1	0	1	1	1	0	3	0	0	0	0	0	3	1	1	1	3	1	1	1	1	3	1	0	3	3	3	1	1	1	0	1	1	3	3	1	0	0	0	0	3	0	0	0	0	0	0	0	0	3	0	0	0	0	0	0	0	0	0	0	0	0	0	0	0	0	0	0	3	0	0	0	0	0	0	3	1	1	1	1	0	1	0	0	3	0	0	0	0	0	0	0	0	0	0	0	3	0	0	0	0	0	0	0	0	0	0	0	0	0	0	0	0	3	0	3	0	0	0	0	0	0	0	0	0	0	0	0	0	0	0	0	0	3	0	0	0	0	0	0	0	0	3	0	0	0	0	0	0	0	0	0	3	0	0	3	0	0	0	0	0	0	0	0	0	0	0	0	0	0	3	0	0	0	3	0	0	0	0	3	0	3	3	0	0	0	0	0	3	0	3	3	3	0
11	0	3	1	1	3	1	1	1	1	1	1	0	0	0	0	0	0	0	0	0	3	3	0	3	0	3	1	1	3	1	1	3	1	1	1	1	1	1	1	1	1	1	0	3	0	0	0	0	0	3	0	0	0	0	3	0	0	0	0	0	0	3	0	0	3	0	0	3	0	0	3	0	3	0	0	0	0	0	0	3	0	1	0	1	0	1	1	1	0	0	0	3	3	0	0	3	0	0	0	0	3	0	0	0	3	3	0	0	3	0	0	0	0	0	0	0	0	0	0	0	0	0	0	0	0	0	0	0	0	0	0	0	3	0	1	3	0	0	0	0	3	1	0	0	0	3	0	3	0	0	0	0	0	0	3	0	0	3	0	0	0	0	3	0	0	0	0	0	3	0	0	0	3	0	0	0	3	0	0	0	0	0	0	0	0	3	0	0	0	3	0	0	0	0	0	0	0	0	3	3
12	3	3	1	0	1	3	1	1	1	3	0	0	3	3	0	0	0	0	0	1	1	1	0	1	1	0	0	0	1	1	0	3	3	3	1	1	3	1	1	3	1	1	0	3	0	0	3	0	0	0	0	0	0	0	0	0	0	0	3	0	0	3	0	0	0	0	0	1	0	0	0	0	0	0	0	0	3	3	0	0	0	3	1	1	3	0	1	1	0	0	0	0	0	0	3	0	0	0	0	0	0	0	0	0	0	0	0	0	0	0	3	0	0	0	0	3	0	3	3	0	0	0	3	0	0	0	0	0	3	0	0	0	0	0	0	0	0	0	0	0	0	3	0	3	0	3	3	0	3	0	0	0	0	0	0	0	0	0	1	0	0	0	0	0	0	0	0	0	0	0	0	0	0	0	3	0	0	0	0	0	0	0	0	0	0	0	3	3	0	0	0	3	0	0	0	0	0	3	0	0
13	1	1	1	0	1	1	1	1	1	3	3	0	0	0	0	0	0	0	0	1	1	1	0	1	1	3	1	1	1	3	1	1	1	0	1	1	1	1	1	3	1	1	0	0	0	3	0	0	0	0	0	0	3	3	0	3	0	0	0	0	0	0	0	0	0	0	0	3	0	0	0	0	0	0	0	0	0	0	0	0	0	3	0	3	1	1	1	3	0	0	0	0	1	0	3	0	0	0	0	0	0	0	3	0	0	3	0	0	3	3	0	0	0	0	3	0	0	0	0	0	0	0	0	3	0	0	0	0	0	0	0	0	0	0	0	0	0	0	0	0	0	3	3	0	0	0	3	0	3	0	0	3	0	0	0	3	0	0	0	0	0	0	0	0	0	0	0	1	0	3	3	0	0	3	0	0	0	3	0	3	0	0	0	0	3	3	0	0	3	0	0	0	0	0	0	0	0	0	0	3
14	3	3	0	3	1	1	1	0	1	1	3	0	0	3	0	0	3	0	3	1	1	1	1	1	1	1	3	1	1	1	3	1	1	1	0	0	1	1	1	1	1	1	0	1	0	0	3	0	0	0	0	0	0	0	0	0	0	0	0	3	3	0	3	0	0	0	0	0	3	0	0	0	0	0	0	0	0	3	0	0	0	0	3	1	1	1	3	1	3	0	0	0	3	3	0	0	0	0	3	3	0	0	0	0	0	0	0	0	0	0	0	0	0	0	0	0	0	0	0	0	0	0	0	0	3	0	3	0	0	0	0	3	0	0	0	0	0	0	0	0	0	0	0	0	0	0	0	0	0	0	0	0	3	0	0	3	3	0	0	0	0	3	0	0	3	0	3	0	0	0	0	3	0	0	0	3	3	0	3	3	0	0	3	0	0	0	0	0	0	0	0	0	0	0	0	3	3	0	0	3
15	1	1	1	0	0	0	3	1	1	1	1	3	0	3	0	0	0	3	0	1	3	1	1	1	1	1	0	0	3	3	3	1	1	1	1	1	0	1	1	1	1	1	0	0	0	0	0	3	0	0	0	0	3	3	0	0	0	1	0	3	0	3	0	0	3	3	0	0	0	3	3	3	0	0	0	0	0	0	0	0	0	1	1	1	1	1	0	1	0	0	0	3	0	0	0	0	0	3	0	0	3	0	0	0	0	3	3	0	3	3	0	3	3	0	0	0	0	3	3	0	0	3	0	0	0	0	0	0	0	0	0	0	3	0	0	0	3	0	0	0	0	0	0	0	0	3	0	0	0	0	3	3	3	0	0	0	0	0	0	0	3	3	0	0	0	0	3	3	0	0	3	3	0	0	0	3	0	0	0	3	3	0	0	0	3	0	0	0	3	0	0	0	0	3	0	0	0	0	0	3
16	1	1	3	0	0	1	1	1	1	1	1	1	1	3	1	1	0	1	0	3	0	0	0	3	0	0	3	0	0	0	0	0	0	3	0	0	0	3	3	0	3	0	0	0	0	0	0	3	0	0	0	0	0	3	0	0	0	0	0	0	3	0	0	0	0	0	3	0	0	3	0	0	0	0	0	0	0	0	0	0	0	0	0	3	0	0	0	0	0	3	3	0	0	3	0	3	0	0	3	0	0	0	0	0	0	0	3	3	1	1	0	0	0	3	0	3	0	0	0	0	0	0	0	0	3	0	0	3	0	0	0	0	0	0	0	0	0	0	3	3	0	0	0	0	0	3	3	0	0	0	0	0	0	0	0	0	0	0	0	0	3	0	0	0	0	0	0	0	3	0	0	3	0	0	0	0	0	0	0	0	3	0	3	0	0	0	3	0	0	0	0	0	0	0	0	0	0	0	3	0
17	1	1	1	1	3	1	1	0	1	1	1	3	0	1	1	3	0	0	0	0	0	0	0	0	3	0	0	3	3	0	0	0	0	0	3	3	0	0	0	0	0	0	0	0	0	0	0	3	0	0	0	0	0	0	0	3	0	0	0	3	3	0	0	0	3	0	0	0	0	0	3	0	0	0	0	0	3	0	3	0	0	0	0	0	0	0	0	0	3	0	0	0	3	0	0	0	0	0	3	0	3	0	0	0	0	0	0	3	3	1	0	0	0	0	0	3	0	0	0	3	0	0	0	0	0	0	0	0	0	0	0	0	0	0	0	0	0	3	0	0	0	0	3	0	0	3	0	3	0	0	0	3	0	0	3	0	0	0	0	0	0	0	0	0	0	3	0	3	0	0	3	0	0	0	0	3	0	0	0	0	3	0	0	0	3	0	0	0	0	0	0	0	0	3	0	0	0	0	0	0
18	0	0	1	1	0	1	1	1	1	0	1	1	1	3	1	1	1	1	1	0	0	0	0	0	0	0	0	0	0	0	0	0	0	0	0	3	3	0	0	0	3	0	0	0	3	0	3	0	0	3	3	0	0	0	3	0	0	3	3	0	0	3	3	0	3	3	3	0	3	0	0	0	0	3	0	0	3	3	0	0	3	0	3	0	0	0	0	0	0	0	0	0	0	0	0	0	0	0	0	0	0	0	0	0	0	0	0	0	1	1	0	0	0	0	0	0	0	3	3	0	0	3	3	0	0	0	0	0	0	0	0	0	3	0	0	0	0	3	0	0	0	0	0	0	0	0	0	3	3	0	3	0	0	0	3	0	0	0	3	0	0	3	3	0	0	0	3	0	3	0	0	0	0	3	0	3	0	0	0	0	0	0	0	0	0	0	0	0	3	0	3	0	0	0	0	3	0	0	3	3
19	1	1	1	1	1	1	1	3	1	1	1	1	1	3	1	0	1	1	1	0	0	0	0	0	3	0	3	0	0	0	0	0	0	0	0	0	0	0	3	0	1	0	0	3	0	0	3	3	0	0	0	0	0	3	0	0	0	0	0	3	0	3	3	0	3	3	0	0	3	0	3	0	3	0	0	0	0	3	3	0	0	0	0	3	0	3	0	1	0	0	0	0	0	0	3	3	0	0	0	0	0	0	0	0	3	0	0	3	1	1	0	3	3	3	0	3	0	3	0	0	0	0	0	3	0	0	0	0	0	0	0	0	0	0	0	0	0	0	3	0	0	3	0	0	0	0	3	3	0	3	0	0	0	0	3	0	3	3	0	0	0	0	0	0	0	0	0	0	0	0	0	3	3	0	3	0	0	1	0	0	0	3	3	0	0	0	0	3	0	3	0	0	0	3	0	0	0	0	0	0
20	3	1	1	3	1	3	1	1	0	1	1	1	0	1	1	1	0	1	3	0	0	0	3	0	0	3	0	0	0	0	0	3	0	0	0	0	0	0	0	0	0	3	0	0	0	3	0	3	3	0	0	3	3	3	0	0	0	3	3	0	0	0	0	0	0	0	0	3	0	3	0	3	0	0	0	0	0	1	0	0	3	0	0	3	0	0	3	0	0	0	0	0	0	0	0	0	0	0	0	0	0	0	0	0	0	0	0	0	1	1	3	3	0	3	0	0	0	0	0	0	0	0	0	0	0	0	1	0	0	3	3	0	0	0	0	3	0	0	3	0	0	0	3	0	0	3	0	3	3	0	0	0	0	3	0	1	0	0	1	0	0	0	3	3	0	3	3	0	0	0	0	0	0	0	0	3	0	3	0	0	0	0	0	0	0	0	0	0	0	3	0	0	3	0	0	0	0	0	0	0
21	0	1	0	1	3	0	1	0	1	1	1	0	1	1	0	1	1	1	1	0	0	3	0	0	0	0	0	0	0	0	0	0	0	0	0	0	0	3	0	0	0	0	0	0	0	1	3	0	0	0	1	0	0	0	0	0	0	0	0	3	0	0	0	0	0	0	0	3	0	0	0	0	0	0	0	0	0	3	0	0	0	0	0	0	0	0	3	0	0	0	0	0	0	0	0	3	0	0	0	3	0	0	3	0	0	0	0	0	1	3	3	0	0	0	0	0	3	0	0	0	0	3	3	0	0	0	0	0	0	0	0	3	0	3	0	0	0	0	0	0	0	0	0	0	0	1	0	0	0	0	0	0	3	0	0	0	3	0	0	0	0	0	0	0	0	0	0	3	0	0	3	0	0	3	0	3	0	0	0	0	0	0	0	0	3	0	0	1	0	3	0	3	0	3	0	0	0	0	3	0
22	3	1	1	1	3	1	1	1	1	1	1	1	1	3	1	1	1	1	1	0	0	0	0	0	0	0	0	0	0	0	0	0	0	0	0	0	0	3	0	0	3	0	0	0	3	0	0	0	3	3	3	0	0	0	0	0	0	0	0	0	0	3	3	0	0	0	0	0	0	0	0	0	0	0	0	0	0	0	0	0	0	0	3	0	0	0	0	3	3	0	0	0	0	0	0	0	0	0	0	3	0	0	0	0	3	0	0	0	0	0	0	0	0	0	0	0	0	0	0	0	0	0	0	0	0	0	0	3	3	0	0	0	1	0	0	0	0	0	0	0	0	0	0	0	0	3	3	3	0	0	0	0	0	0	0	0	3	3	0	0	0	3	0	3	0	0	0	0	0	0	0	3	0	0	0	0	0	0	0	0	3	0	0	0	0	0	3	3	3	3	0	0	0	0	0	0	0	0	3	3
23	1	3	1	1	1	3	1	1	1	1	0	1	3	1	1	1	0	1	1	0	0	0	3	3	0	0	0	0	0	3	3	0	0	3	0	1	3	0	0	0	0	0	0	0	0	0	0	0	0	0	0	0	0	0	0	0	0	0	3	0	0	3	0	0	0	0	3	3	0	0	0	0	0	0	0	0	0	0	0	3	3	0	3	0	0	0	3	0	0	0	0	3	0	0	0	3	0	0	0	0	0	0	3	0	3	0	0	0	1	1	0	0	3	3	3	0	0	0	0	3	0	0	0	0	0	0	0	3	0	0	0	0	0	0	0	0	0	0	0	0	3	0	3	0	0	0	0	0	0	0	0	3	0	0	0	3	0	0	0	0	3	3	0	0	3	0	0	0	0	0	0	0	0	0	0	0	0	0	0	0	1	0	3	0	0	3	3	0	0	3	0	3	0	0	3	0	0	0	0	0
24	1	1	1	1	1	1	3	1	1	1	3	3	1	1	1	1	0	0	1	0	0	0	0	0	0	0	0	0	3	3	3	0	0	0	3	0	3	3	3	3	0	0	0	0	0	0	3	0	0	0	0	0	0	0	0	0	0	0	0	0	0	0	0	0	3	0	0	0	0	0	3	3	3	3	1	0	3	0	0	0	0	0	3	0	3	0	3	3	0	3	3	0	3	0	0	0	3	0	0	0	0	0	0	0	0	0	0	3	1	1	0	3	0	0	0	0	0	0	0	0	0	3	0	0	0	0	0	0	1	0	3	0	0	0	0	3	0	3	0	0	0	0	0	0	0	0	3	0	3	0	0	0	0	0	0	0	0	0	0	0	0	0	3	0	0	0	0	0	3	0	0	0	0	0	0	0	3	3	0	0	0	0	0	0	0	0	3	0	0	0	0	0	3	0	0	0	0	0	0	3
25	1	1	1	1	3	1	1	3	3	1	1	3	0	1	0	1	1	1	3	0	0	0	3	0	0	0	0	0	0	3	0	0	0	3	0	0	0	1	0	3	0	0	0	0	0	0	0	0	0	0	0	0	0	3	0	0	0	0	3	0	0	0	0	3	0	0	0	0	0	0	0	3	0	3	0	3	0	0	0	3	0	0	0	3	0	0	0	0	0	0	0	0	0	0	0	0	0	0	0	3	0	0	0	0	0	3	3	3	1	1	0	0	0	3	0	3	3	0	3	0	0	3	0	3	0	3	0	0	0	0	0	0	0	0	0	3	0	3	3	3	3	0	0	0	0	0	0	0	0	0	0	0	0	3	0	0	3	3	0	3	3	0	0	0	0	0	0	0	0	0	0	3	0	3	0	0	0	3	0	0	0	0	3	0	0	0	0	0	0	0	0	0	0	3	0	0	0	3	0	3
26	1	3	3	1	1	3	1	1	0	1	0	1	1	3	1	1	1	1	1	0	0	3	3	3	0	0	0	0	0	3	0	0	3	0	3	0	0	0	3	0	0	3	0	0	0	0	0	0	1	3	0	0	0	0	0	3	3	0	0	0	3	3	0	3	3	0	0	3	0	0	0	0	3	3	3	0	0	0	3	0	0	0	3	0	0	0	0	0	0	0	0	3	0	3	3	0	0	0	0	3	0	0	0	3	0	0	0	0	1	1	3	0	0	3	0	0	0	0	0	0	0	3	0	0	0	0	0	0	3	0	0	0	3	0	0	0	0	0	3	0	0	0	0	0	0	0	3	0	0	0	0	3	0	0	0	0	0	3	0	0	0	0	0	0	0	0	0	1	0	0	3	0	0	0	0	0	0	0	3	0	0	3	3	0	0	0	0	0	0	0	0	0	1	0	0	0	0	1	0	3
27	1	1	0	1	3	1	1	3	1	1	1	3	1	3	3	1	1	1	0	0	0	3	0	0	0	3	0	0	0	0	0	0	0	3	0	0	0	3	0	0	0	3	0	3	0	0	0	0	0	0	0	0	3	0	3	3	0	0	0	0	0	3	0	0	0	0	3	3	0	3	0	0	0	3	0	3	0	0	3	0	0	0	3	0	0	0	0	0	0	0	0	0	3	3	0	0	0	0	3	0	0	0	0	0	0	0	3	0	1	1	3	0	0	0	3	0	0	0	0	0	3	0	3	0	0	0	0	0	0	0	0	0	0	0	0	0	0	0	0	0	3	0	0	0	1	0	0	0	0	0	0	3	0	0	0	0	0	3	3	0	3	0	3	0	3	0	0	0	3	0	3	0	3	0	0	0	0	0	0	0	0	0	0	0	0	0	0	0	0	0	0	0	0	1	0	0	3	0	3	0
28	3	1	3	1	3	1	1	1	1	1	1	1	0	1	1	1	1	0	3	0	0	0	0	0	0	0	0	0	0	0	3	0	0	3	0	3	0	0	0	0	0	0	0	0	0	0	0	3	0	0	0	0	0	0	3	0	0	0	3	0	0	0	0	0	0	0	0	0	3	0	0	3	3	0	0	3	0	0	0	0	0	0	0	3	0	0	0	0	0	0	0	0	0	3	0	0	0	3	0	0	0	0	3	0	0	0	0	0	1	0	0	0	0	0	0	0	3	0	0	0	0	0	0	0	0	0	0	0	3	0	3	0	0	0	0	0	0	0	0	3	0	0	0	0	0	3	3	0	3	0	0	0	0	0	3	0	0	0	0	0	3	0	0	0	3	0	0	0	0	0	0	0	3	0	0	3	3	0	3	0	0	0	0	0	0	0	0	0	0	3	0	0	0	3	0	0	0	3	0	0
29	1	1	1	1	1	3	0	0	1	1	1	1	0	3	1	1	0	1	1	3	0	0	0	0	0	0	0	0	0	3	0	3	0	0	1	0	1	3	0	0	3	0	0	0	0	0	3	0	0	0	0	3	0	0	3	0	3	0	0	0	0	0	3	0	0	0	0	3	0	0	0	0	0	0	0	3	0	0	0	0	0	0	0	3	3	3	0	0	0	0	1	0	0	0	0	3	3	0	0	0	0	0	3	0	0	0	0	0	1	1	0	3	0	0	0	0	0	0	3	3	0	1	0	0	0	0	0	0	0	0	0	3	0	0	3	3	0	0	3	0	0	0	3	3	0	0	0	0	0	0	0	0	0	0	0	0	0	3	0	0	0	3	0	0	3	0	0	3	0	0	0	0	0	3	3	0	0	0	0	0	1	0	3	0	0	3	0	0	0	3	0	0	0	3	0	0	0	0	0	0
30	3	0	1	1	1	1	1	0	3	1	1	1	1	3	1	1	1	0	1	0	0	0	0	0	0	0	0	3	0	0	0	0	0	3	3	0	3	0	0	0	0	0	3	0	0	3	0	3	0	0	0	0	0	0	0	0	0	0	0	0	0	0	0	3	0	0	3	0	0	0	0	0	0	0	0	0	3	3	0	0	3	0	0	0	3	0	0	0	3	0	0	0	0	0	0	0	1	0	3	0	0	0	3	0	0	0	0	0	1	1	0	3	0	0	0	0	0	0	0	0	0	0	0	1	3	3	0	0	0	0	0	0	0	0	0	0	0	3	3	0	0	0	1	0	0	0	0	0	0	0	0	3	0	0	3	0	0	0	0	0	0	3	1	0	0	0	0	0	0	0	0	3	0	3	0	3	0	0	0	0	0	0	0	0	0	0	0	0	0	0	0	0	3	3	0	0	3	0	0	0
31	1	1	1	3	1	3	1	1	1	3	1	1	1	1	1	0	1	1	3	0	0	0	0	0	0	0	0	0	0	0	0	3	0	0	0	0	0	0	0	0	0	0	0	3	0	0	0	0	3	3	0	0	0	0	0	0	0	0	0	0	0	3	0	0	0	0	3	0	0	3	3	0	0	0	0	3	0	3	0	0	0	0	0	0	0	3	3	3	0	0	3	0	0	0	0	3	0	0	0	3	3	0	0	0	0	3	0	0	1	1	0	0	0	0	0	0	0	0	0	0	0	0	0	0	0	0	0	0	0	0	0	0	0	0	0	0	0	0	0	3	0	0	3	0	0	0	0	0	0	3	3	3	0	3	0	0	0	0	0	0	3	0	3	0	0	0	0	0	0	3	3	3	3	0	0	0	0	3	0	0	3	3	3	0	0	3	0	3	0	0	0	0	0	3	0	0	3	0	0	0
32	1	1	1	0	3	1	3	1	1	3	1	1	1	1	1	1	3	1	1	0	0	3	0	0	0	3	0	3	3	0	0	0	0	3	0	0	0	0	0	0	0	3	0	0	3	0	3	3	0	0	3	0	0	0	0	0	3	0	0	0	0	0	0	0	0	3	3	0	0	0	3	0	0	0	0	0	0	3	0	3	0	0	3	0	0	0	3	0	0	0	0	3	0	0	3	0	0	0	0	3	0	0	0	0	0	0	0	0	0	1	0	0	0	0	0	0	3	0	3	0	3	0	0	0	0	0	0	0	0	3	3	0	0	0	0	0	0	0	0	3	0	0	0	3	0	0	0	0	0	0	0	0	0	0	0	3	0	0	0	0	0	0	0	0	0	0	0	3	3	3	3	0	0	0	0	0	0	0	0	0	0	3	0	0	0	0	0	0	0	0	3	0	0	0	3	3	0	3	0	0
33	0	1	1	1	1	1	1	1	1	1	1	1	1	1	0	1	1	1	3	0	0	0	0	3	0	0	0	0	0	0	0	0	0	3	0	0	3	0	0	0	0	0	0	0	0	0	0	0	0	0	0	0	3	3	0	0	1	0	0	0	0	0	0	0	3	3	0	0	0	0	0	0	0	0	3	0	0	0	3	3	0	0	3	0	0	0	3	0	0	0	3	0	3	0	0	0	0	0	0	0	0	3	0	0	0	0	0	0	1	3	0	0	0	0	0	0	0	0	3	0	0	0	0	0	3	0	0	0	0	0	0	0	3	0	3	0	3	0	0	0	0	0	3	0	3	3	0	0	0	0	0	0	3	0	0	0	0	3	3	0	0	3	0	0	0	0	0	0	0	0	0	0	0	0	0	3	3	0	0	3	0	0	3	0	0	0	0	0	0	0	0	0	0	0	0	0	0	0	0	3
34	3	1	1	1	0	1	1	1	1	1	3	1	3	1	3	0	3	1	1	0	0	0	0	0	0	3	0	0	0	0	3	0	0	0	3	0	0	0	0	0	0	3	0	3	0	0	3	0	0	3	3	0	0	0	0	0	3	0	0	0	0	0	0	0	0	0	0	0	0	0	0	3	0	0	0	3	0	3	0	3	3	0	0	0	0	0	0	0	3	3	3	0	0	3	3	0	0	3	0	0	3	0	0	0	0	3	0	0	3	1	0	0	0	3	0	0	0	3	0	0	0	0	3	0	0	0	0	0	0	0	0	3	0	3	0	0	0	3	0	0	0	0	0	0	0	0	0	0	3	0	0	3	0	0	3	0	3	0	0	3	0	0	0	0	0	0	0	0	3	0	0	0	0	0	0	0	0	0	0	0	0	0	3	0	3	0	0	0	0	0	3	3	3	0	0	3	0	0	0	0
35	1	1	1	3	1	1	3	1	3	0	3	0	1	1	3	0	0	3	0	3	0	0	0	0	0	0	0	3	0	3	0	0	0	0	0	1	3	0	0	0	0	0	0	0	3	3	0	0	0	0	0	0	0	0	0	0	3	0	0	0	0	3	0	0	0	0	0	0	0	3	0	3	0	0	0	0	3	0	3	3	3	0	0	0	3	0	3	0	3	0	0	0	0	0	0	0	0	0	0	0	0	3	0	3	0	0	0	0	1	1	0	0	0	3	0	0	0	0	0	0	3	0	0	0	0	0	0	3	3	0	0	0	0	0	0	0	0	0	0	0	0	0	3	3	0	3	0	0	3	0	3	3	0	0	0	0	0	0	0	0	0	0	0	0	0	0	0	3	0	0	0	0	0	0	0	0	3	3	3	0	0	0	3	0	3	3	0	0	3	0	3	3	0	0	0	0	0	0	0	0
36	1	1	1	1	1	1	1	1	1	1	1	3	1	3	1	3	0	1	1	3	0	0	3	0	0	0	0	0	3	0	0	0	0	3	0	0	3	0	3	0	0	0	3	0	0	0	3	0	1	0	0	0	0	0	0	0	3	3	3	0	0	0	0	0	0	0	3	3	0	0	3	0	0	3	3	0	0	3	0	0	0	0	0	3	3	0	0	0	0	3	0	0	0	0	0	0	0	0	3	0	0	0	0	3	0	0	0	0	1	0	0	0	3	3	0	0	0	3	0	0	0	3	0	3	0	3	0	0	0	0	0	1	3	3	3	0	3	0	0	3	0	0	0	3	0	3	0	3	3	0	0	0	0	0	0	0	3	0	0	3	0	0	0	3	0	0	0	0	0	0	0	0	0	1	0	0	0	3	0	0	3	0	3	0	0	3	3	0	0	0	0	3	0	1	0	0	0	0	0	3
37	1	1	3	1	0	1	1	3	0	1	1	1	0	3	1	1	3	1	0	3	0	3	0	3	0	0	0	0	0	3	0	0	0	3	0	3	3	0	3	0	0	0	0	0	0	3	3	0	3	0	0	0	0	0	0	0	0	0	0	0	3	0	3	0	0	0	0	0	0	0	3	0	0	3	0	0	0	0	0	0	0	0	0	3	3	0	0	0	3	3	0	0	0	0	0	0	0	0	0	0	3	3	0	3	0	0	0	0	1	1	0	0	0	0	0	3	0	0	0	0	3	3	0	0	3	0	3	0	0	0	0	3	0	0	3	0	0	0	0	0	0	0	0	0	3	0	0	0	0	0	3	0	0	3	3	0	0	0	1	0	3	0	0	0	0	0	3	0	0	0	0	0	0	0	0	0	0	0	3	0	0	3	0	0	0	0	0	3	0	0	3	0	0	3	0	0	0	0	3	3
38	1	1	3	0	3	1	1	1	1	1	1	1	1	1	1	3	1	1	1	0	0	3	0	0	0	0	3	0	0	0	0	0	0	0	0	0	0	0	0	0	0	0	3	0	0	0	3	0	3	0	0	0	0	0	0	3	0	0	0	0	0	0	0	0	0	0	0	0	3	0	0	0	3	0	0	0	0	3	0	0	3	3	0	0	0	1	0	0	0	3	0	0	3	0	0	0	0	0	0	0	0	0	0	0	0	0	0	3	1	1	3	3	0	0	0	0	3	0	0	0	0	0	0	3	3	0	0	0	0	3	0	3	0	0	0	3	0	0	0	0	0	3	0	0	0	0	0	0	0	0	0	0	3	0	0	0	0	0	0	0	0	0	0	0	0	0	0	0	0	3	0	0	0	0	0	0	0	0	0	3	3	0	0	0	3	3	3	3	0	0	0	0	3	0	0	0	0	0	0	0
39	1	3	3	0	1	1	1	1	0	1	3	1	1	3	1	1	1	1	3	0	0	0	0	0	0	0	0	0	0	0	0	3	0	0	0	0	0	0	0	0	0	0	0	3	3	0	3	3	0	0	3	3	3	0	3	0	0	0	3	0	0	3	0	0	0	0	3	0	0	0	0	0	0	0	0	0	3	0	0	0	0	0	0	0	0	3	3	0	0	0	3	3	3	0	0	0	0	0	0	0	0	0	0	0	0	3	0	0	3	3	0	0	3	0	0	0	0	0	3	0	0	3	0	0	0	0	0	0	0	3	3	0	0	3	0	0	0	0	0	0	3	0	0	0	0	0	0	0	0	3	0	0	0	0	0	0	3	0	0	3	0	0	0	0	3	0	0	0	0	0	0	0	0	3	0	0	3	0	0	3	0	0	0	3	0	0	3	0	0	0	0	0	0	0	0	0	0	3	0	0
40	1	0	1	1	1	1	3	1	0	3	1	1	0	1	1	0	1	0	1	0	3	0	0	3	3	0	0	0	0	0	0	0	3	0	0	0	0	0	0	0	0	0	0	3	0	0	0	3	0	0	3	0	0	0	0	0	0	0	0	0	0	0	3	0	0	0	0	3	0	0	0	0	0	3	0	0	0	0	3	3	0	0	0	0	3	0	0	3	0	0	3	0	0	3	0	0	3	3	0	3	0	0	0	0	0	0	0	0	1	1	0	0	0	0	0	3	0	0	0	0	0	0	0	0	3	0	0	0	3	3	0	0	3	0	0	0	0	0	3	0	0	0	3	0	0	0	3	0	0	0	0	3	0	0	0	0	3	0	0	3	3	0	0	0	0	0	3	3	0	3	0	0	0	0	0	3	0	3	3	0	0	0	0	0	0	3	0	0	0	0	0	0	0	0	3	0	3	0	3	0
41	0	3	3	1	1	1	1	1	3	1	1	1	3	0	1	1	3	0	0	0	0	0	0	0	3	0	3	3	0	0	0	3	0	0	3	0	0	0	0	0	0	0	0	0	0	0	0	0	0	3	3	3	1	0	0	0	0	0	0	3	3	0	0	0	0	0	0	0	0	0	0	0	3	0	0	0	0	0	0	0	0	0	3	0	0	0	3	0	0	0	3	0	0	0	0	0	0	0	0	0	0	0	3	0	0	1	0	0	1	1	0	0	0	0	3	0	0	0	0	0	0	0	0	0	3	0	3	0	0	0	0	0	0	0	0	0	0	0	3	0	0	3	3	0	0	0	0	0	3	3	0	3	3	0	0	0	0	0	0	3	0	0	0	0	0	3	0	3	0	0	0	0	0	0	0	3	0	0	3	0	3	0	0	0	0	0	0	0	0	0	0	3	0	0	0	0	0	0	0	0
42	3	1	1	1	1	1	1	3	1	0	0	1	1	0	1	0	1	0	1	0	0	0	0	0	1	0	3	0	0	3	0	0	0	0	0	0	3	0	0	0	0	0	0	3	0	3	0	0	0	0	0	0	0	0	3	0	0	0	3	0	0	0	0	3	0	0	0	0	3	0	0	0	0	3	0	0	0	0	3	0	3	0	0	0	0	0	0	0	0	0	0	0	0	0	0	0	0	0	0	0	0	3	0	3	0	3	0	0	3	1	0	0	0	0	0	0	0	0	0	0	0	0	0	0	0	0	0	0	0	0	3	0	0	0	0	0	0	3	0	0	0	0	0	0	0	0	0	3	3	3	3	0	0	0	0	3	3	0	0	0	0	0	3	0	0	0	3	3	0	0	3	0	0	0	3	0	0	0	0	0	0	0	0	0	0	0	3	0	0	3	3	0	0	0	0	0	0	0	0	0
43	1	1	1	1	3	1	1	3	3	0	3	1	1	1	1	1	1	3	1	0	0	3	0	0	0	0	0	0	0	0	0	3	0	3	0	0	3	3	0	3	3	3	0	1	0	0	0	0	0	3	0	0	0	0	0	0	0	0	0	0	0	0	0	3	0	0	0	0	0	0	3	0	0	0	0	0	0	0	0	3	1	0	0	0	0	0	3	0	0	3	3	3	3	0	0	0	0	0	0	0	0	0	0	0	0	0	0	0	1	3	0	0	3	3	0	0	0	0	0	0	0	0	3	0	0	0	0	0	3	0	0	0	0	0	0	0	0	0	3	0	0	3	0	0	0	0	3	0	0	0	3	0	0	0	0	0	0	3	0	0	3	3	0	0	0	3	0	0	0	3	0	0	3	3	3	0	1	0	0	0	0	0	0	3	0	3	0	0	0	0	0	0	0	0	0	0	0	0	3	0
44	1	1	1	3	1	1	1	1	1	3	3	1	1	0	0	0	0	3	0	0	0	0	0	0	0	0	0	3	3	0	0	0	0	0	3	0	0	0	0	0	0	3	0	0	3	0	0	0	3	0	0	3	0	0	0	0	0	3	0	3	3	0	0	0	0	0	0	3	3	3	0	0	0	0	0	3	0	0	0	0	0	0	3	3	3	0	3	0	0	0	0	0	0	0	0	0	0	3	0	0	0	0	0	3	3	0	3	3	3	1	0	3	0	3	0	3	0	3	0	0	0	0	0	0	0	0	3	0	0	3	0	3	0	0	0	0	0	0	0	0	3	3	0	0	0	0	3	3	0	0	0	0	0	3	0	3	0	0	3	0	0	0	0	3	0	0	0	0	0	0	0	3	0	0	3	0	3	0	0	0	0	3	0	0	3	0	0	0	3	1	0	0	0	3	0	3	0	3	0	0
45	1	3	1	3	1	3	1	1	1	1	3	0	1	1	1	1	1	1	1	0	0	3	0	0	0	0	0	0	0	0	3	0	3	0	3	0	0	0	0	0	3	0	0	0	0	0	0	0	0	3	0	0	0	0	0	3	0	0	0	0	0	0	0	3	0	0	0	0	0	0	0	0	0	0	0	0	3	3	0	0	0	0	0	3	3	0	0	3	0	0	0	3	0	0	0	0	0	0	0	0	3	0	0	0	0	0	0	0	1	1	3	0	0	0	0	0	0	0	0	3	0	0	0	0	0	0	3	0	0	0	0	0	3	0	0	0	0	0	0	0	0	0	0	0	3	0	0	0	0	1	0	0	0	0	0	3	0	0	0	0	3	0	0	0	0	3	0	0	0	0	0	0	0	0	0	0	0	3	0	0	0	0	0	3	0	0	0	0	0	3	0	0	0	0	0	0	0	0	0	0
46	1	1	0	1	0	1	3	1	0	0	0	1	0	1	1	0	3	1	1	3	0	0	0	0	0	0	3	0	0	0	0	3	0	0	3	0	3	0	0	3	0	0	3	0	0	0	0	0	0	0	0	0	0	3	3	0	0	3	0	0	3	0	0	0	0	3	0	3	0	0	0	0	0	0	0	0	0	3	0	0	3	0	0	3	0	0	0	3	0	0	0	3	0	0	0	0	0	0	0	0	0	0	0	3	1	3	3	0	3	1	0	0	0	3	0	3	0	0	0	0	3	0	0	0	0	0	0	0	0	3	0	1	0	0	0	0	3	0	0	0	0	0	0	0	0	0	3	0	0	0	0	0	3	0	0	0	0	0	0	0	0	3	0	3	0	0	0	3	0	0	0	0	3	3	0	0	0	3	0	0	0	0	3	0	0	0	3	3	0	0	3	0	0	3	0	0	0	0	0	0
47	1	1	1	0	3	0	1	3	1	1	3	0	3	3	3	1	1	3	0	3	0	3	0	3	0	3	3	0	0	0	0	0	0	0	0	0	0	0	0	0	0	0	0	0	0	0	0	0	3	3	0	0	0	0	0	0	3	0	0	3	0	0	0	0	0	0	0	0	3	0	0	0	0	0	3	3	0	0	0	0	0	0	0	0	0	0	0	0	0	0	0	0	0	3	3	0	0	0	0	3	0	3	3	0	0	0	0	0	1	1	0	0	0	0	0	0	0	0	0	0	0	0	3	0	3	3	0	0	0	0	0	0	3	3	0	0	0	0	0	0	3	0	3	3	0	0	0	0	0	3	0	0	0	0	0	0	0	0	3	0	0	0	3	0	0	0	0	0	3	3	0	0	0	0	0	0	0	0	3	0	0	0	0	3	0	0	3	0	0	0	0	0	0	3	3	0	3	0	0	0
48	1	1	3	1	3	3	3	3	1	1	1	1	0	1	3	1	3	3	0	0	0	0	3	0	0	0	3	0	3	0	0	3	0	0	0	0	0	3	0	0	0	0	0	0	0	0	0	0	0	0	3	0	3	3	0	0	0	0	0	0	0	0	0	0	3	3	0	0	0	0	3	3	0	0	0	0	0	0	0	0	3	3	0	0	0	0	0	3	0	0	0	0	0	3	0	0	3	3	0	0	0	0	3	0	0	0	3	3	1	1	0	0	0	0	0	0	0	0	3	0	1	0	0	0	3	3	0	1	0	0	0	0	3	0	0	0	0	0	3	0	0	0	3	3	0	0	0	0	0	0	3	0	3	3	0	0	3	3	0	0	0	0	0	0	0	0	0	0	0	0	0	0	0	0	3	0	3	0	0	0	0	0	0	3	0	0	0	0	0	3	0	0	0	0	0	0	0	0	0	3
49	1	1	3	1	1	1	1	1	1	1	1	0	0	1	3	0	1	1	1	0	0	0	0	0	0	0	0	0	0	0	0	0	0	0	3	0	0	0	3	0	3	0	0	3	0	0	3	0	0	0	0	3	0	3	0	0	0	0	0	3	0	3	3	0	3	0	0	0	0	3	0	0	0	0	3	0	0	3	0	0	3	3	3	0	3	0	0	0	3	3	0	0	0	0	0	3	0	0	0	0	3	3	0	0	0	3	3	0	1	1	0	0	0	3	0	0	3	0	0	0	0	0	0	0	3	0	0	3	0	0	3	0	0	0	3	3	0	0	0	0	0	0	0	3	0	0	0	0	0	0	0	0	0	0	0	0	0	0	0	0	0	0	3	0	3	0	0	0	0	0	0	0	3	0	0	0	0	3	0	3	0	3	0	0	0	0	0	0	3	0	0	0	0	0	0	0	0	0	0	0
50	3	3	3	1	0	1	1	1	1	1	1	0	1	1	1	1	0	1	3	3	0	0	0	0	0	3	0	3	3	0	3	0	0	0	0	0	0	0	0	0	0	0	0	0	0	0	0	0	0	3	0	0	0	0	3	0	0	0	0	0	0	0	0	0	0	0	0	3	0	3	0	0	0	0	0	3	3	0	0	0	0	0	0	0	0	3	0	0	0	0	0	3	0	3	0	0	0	0	0	0	0	0	0	0	0	0	0	0	3	1	0	0	0	0	0	0	0	0	0	3	0	0	0	0	0	0	0	0	0	3	0	0	0	0	0	0	0	3	1	0	3	3	0	0	0	0	0	1	3	3	0	0	3	0	0	0	0	0	0	0	3	0	0	3	0	0	0	3	0	0	0	0	0	0	0	0	0	0	0	0	0	0	0	0	3	0	0	0	0	0	0	0	0	0	0	0	0	0	0	0
51	1	3	0	1	0	1	1	3	0	0	1	0	3	1	0	1	3	1	1	0	0	0	0	3	0	0	0	0	0	3	0	0	0	0	0	0	0	0	0	0	0	0	0	0	3	0	3	0	0	0	3	0	0	0	0	0	0	0	0	3	0	0	0	0	0	0	0	0	0	0	0	0	0	0	3	0	3	0	3	0	0	0	0	0	0	3	0	0	0	3	3	0	0	0	0	3	0	3	0	3	0	0	0	0	0	0	0	0	1	1	3	0	0	0	3	0	0	0	0	0	0	0	3	0	3	0	0	0	3	0	0	0	0	3	0	3	0	0	0	0	3	0	0	3	0	0	0	3	3	0	0	0	0	0	0	0	0	0	0	0	3	3	0	3	0	0	0	0	0	0	0	0	0	0	0	3	0	3	0	0	3	0	3	3	0	0	0	0	0	0	0	1	0	3	0	3	3	0	0	0
52	3	3	3	1	1	1	3	1	1	1	3	1	1	1	0	1	1	3	3	0	0	0	0	0	3	0	0	0	0	3	0	0	3	0	0	3	0	3	0	0	0	0	0	0	3	0	0	0	0	3	0	0	3	0	0	0	0	0	0	0	0	3	3	0	3	3	0	3	0	3	0	3	0	0	0	0	0	0	0	0	0	0	0	0	3	0	0	0	0	0	0	0	3	0	0	3	0	0	0	0	3	0	3	0	0	0	3	0	1	3	0	3	0	3	0	0	0	0	1	3	0	0	0	3	0	0	3	0	0	3	3	0	0	0	0	3	0	3	0	0	0	0	3	0	0	0	0	0	0	0	0	0	0	0	0	0	0	0	0	0	0	0	0	0	0	0	0	3	3	0	0	0	0	0	3	0	0	3	0	0	3	0	0	0	3	0	0	0	0	0	3	0	0	0	0	0	3	0	0	3
53	1	1	1	0	1	3	3	1	1	1	0	1	0	1	1	1	1	1	1	0	0	0	0	3	0	0	0	0	0	0	0	0	0	0	3	0	0	3	0	3	0	0	0	3	0	3	0	0	0	0	0	0	3	0	0	0	0	0	0	3	0	0	3	0	0	0	0	0	0	0	0	0	0	0	3	0	0	1	0	0	0	0	0	3	3	0	0	0	0	0	0	0	0	0	0	3	0	3	0	3	0	0	0	3	0	0	0	0	1	1	0	3	3	0	0	0	0	0	0	0	0	3	0	0	0	0	3	3	0	3	0	0	0	0	0	0	0	0	0	0	0	0	0	0	0	0	0	0	0	3	0	0	3	0	3	0	0	0	0	0	0	0	0	0	0	0	0	0	3	0	3	3	0	0	0	0	0	0	0	0	0	3	0	0	0	0	0	0	0	0	0	0	3	3	3	0	0	3	3	3
54	3	1	1	1	1	1	0	1	1	3	1	1	1	1	1	1	1	1	3	0	0	0	3	0	0	0	3	0	3	0	0	0	0	3	0	0	0	0	3	0	0	0	0	0	0	0	0	0	3	0	0	3	0	0	3	3	0	0	0	0	3	3	0	0	0	3	0	0	0	0	0	0	0	0	0	0	0	0	0	0	0	0	0	0	0	0	3	0	0	0	0	0	0	0	0	3	0	0	0	0	0	1	3	0	0	0	0	0	1	1	0	0	0	0	3	3	0	0	0	3	0	0	0	0	0	0	3	0	0	0	3	0	0	0	3	0	3	0	0	0	3	0	3	0	0	0	0	0	3	0	0	0	0	3	0	0	0	0	0	0	0	0	0	0	3	0	0	0	0	0	3	0	0	0	0	0	0	0	0	3	3	0	0	0	0	3	3	0	0	3	3	0	3	0	3	1	0	3	0	0
55	0	1	1	1	1	0	1	1	1	1	1	1	3	1	1	0	1	1	1	0	0	0	0	0	0	0	3	0	0	0	0	0	0	3	3	0	0	0	0	0	0	0	0	3	0	3	3	0	0	0	0	0	0	0	3	3	3	0	0	0	3	0	0	0	0	0	0	0	3	0	0	0	0	3	3	0	0	0	3	3	0	0	3	0	0	0	0	0	0	0	0	3	0	0	0	0	0	3	0	0	0	3	0	3	0	0	0	0	1	0	0	0	3	0	3	0	3	0	0	0	0	3	0	0	0	0	0	0	0	0	0	3	0	0	0	0	0	3	0	3	0	0	0	0	0	0	0	0	0	0	0	0	3	0	0	3	1	3	0	0	0	0	0	0	0	0	0	0	0	0	3	0	0	0	0	3	0	0	1	0	0	1	3	0	0	0	3	3	0	3	0	0	0	3	3	0	3	0	0	0
56	1	1	1	1	1	1	1	1	3	1	0	3	1	3	3	3	1	1	1	3	0	0	0	0	3	3	0	3	3	0	0	0	0	3	0	0	0	0	0	0	0	0	0	0	3	0	0	0	0	0	0	3	3	3	0	0	0	0	3	0	0	0	0	1	0	0	0	0	0	0	3	0	0	0	0	0	0	0	0	0	3	0	0	0	0	0	3	3	0	0	0	0	0	0	0	3	3	0	0	3	0	0	0	3	0	0	0	0	1	3	0	0	3	0	0	3	0	0	0	0	0	0	0	0	1	0	0	3	0	3	0	0	3	0	3	0	0	0	0	0	0	0	0	0	0	0	0	0	0	3	3	0	3	0	3	0	0	3	3	0	0	0	0	0	0	0	3	0	3	0	0	0	0	0	0	0	0	0	0	0	0	0	0	0	3	3	0	0	3	0	0	0	0	3	0	0	0	0	0	0
57	3	3	1	3	1	1	3	1	1	1	3	3	1	1	1	1	1	1	1	3	0	0	0	0	0	0	0	0	0	0	0	0	0	0	0	3	0	0	3	0	0	0	3	3	0	0	3	0	0	0	0	0	0	0	0	0	0	0	0	0	0	0	0	0	0	0	0	0	0	0	0	0	0	0	3	3	0	3	0	0	0	0	3	0	0	0	3	0	0	0	0	0	3	0	0	3	3	3	0	0	0	0	3	0	0	0	3	0	1	1	0	0	0	0	3	0	0	0	0	0	0	0	0	0	0	0	0	3	3	0	0	3	0	0	3	0	0	0	0	0	0	0	0	0	0	0	0	3	0	0	0	0	0	0	0	3	3	3	0	3	3	0	0	0	0	0	0	0	0	0	0	0	3	3	0	0	0	0	0	0	0	0	0	0	0	0	0	0	0	0	3	3	0	3	0	0	0	0	0	0
58	3	0	1	1	3	1	1	3	1	1	1	1	1	1	1	0	0	1	1	3	0	0	0	0	0	0	0	0	0	3	0	0	0	0	0	0	0	0	3	0	0	0	0	0	3	0	3	0	0	0	3	3	0	0	0	0	0	3	0	3	3	0	0	0	0	0	0	1	0	0	3	0	0	0	0	0	3	3	0	0	0	0	3	0	3	0	3	3	0	0	1	3	0	3	3	0	0	0	0	3	0	0	0	3	0	0	0	0	1	0	0	0	3	3	3	3	0	0	0	0	3	0	0	0	3	3	0	0	0	3	0	3	0	0	0	3	0	3	3	3	0	0	0	0	3	0	0	3	0	0	3	3	0	3	0	0	0	3	0	0	0	0	0	0	0	0	0	3	0	0	3	0	0	3	0	0	3	0	0	0	0	0	0	0	0	3	0	0	0	0	0	0	0	0	0	0	0	0	3	0
59	0	0	3	1	1	3	1	3	1	1	1	1	1	3	0	1	0	1	1	0	3	0	0	0	0	0	0	1	0	0	3	0	3	0	0	0	0	3	0	0	3	0	3	3	0	0	0	0	0	0	0	0	3	0	3	0	0	3	0	0	0	3	0	0	0	0	0	0	0	0	0	3	0	0	3	0	3	0	0	0	0	3	0	3	3	0	3	0	0	0	0	3	0	0	0	0	0	0	3	0	3	0	3	0	0	0	0	0	1	1	3	0	3	0	0	0	3	0	0	0	3	0	0	0	0	0	0	0	0	0	0	0	0	0	3	0	0	0	0	0	0	0	0	0	0	0	3	0	0	3	0	0	0	0	0	0	3	0	3	0	0	3	0	0	0	0	0	0	0	0	0	0	0	0	0	0	0	0	0	0	0	3	0	3	0	0	0	0	3	0	0	0	3	0	0	0	0	0	0	0
60	1	1	3	1	0	1	1	1	3	0	1	1	1	0	1	1	0	1	1	0	0	0	0	0	0	1	0	0	0	0	3	0	0	0	0	3	0	0	3	0	0	0	0	0	0	0	0	0	0	0	0	0	3	0	3	0	3	0	0	0	0	3	0	0	0	3	0	3	0	0	3	0	0	0	0	0	0	3	0	3	0	3	0	0	0	3	0	0	0	3	0	0	3	0	3	0	0	0	0	0	0	0	0	0	0	0	0	0	0	0	0	0	3	0	0	3	3	0	3	3	0	0	0	0	0	0	3	0	0	3	0	3	3	0	0	0	0	3	0	0	0	0	0	0	3	0	3	3	0	0	0	0	0	0	0	3	0	0	0	3	0	0	0	0	0	0	0	3	0	0	0	3	0	0	0	3	3	3	3	0	0	0	0	3	0	3	0	0	0	0	0	0	0	0	0	0	0	0	0	0
61	1	0	1	0	0	1	3	0	3	0	1	1	3	1	1	1	1	1	1	3	0	0	0	0	0	0	3	3	3	3	0	0	0	0	0	0	0	0	0	0	1	3	0	0	0	3	0	0	0	0	1	0	0	3	0	0	0	3	3	0	0	0	3	0	0	0	0	0	0	0	0	0	0	3	0	0	0	0	3	0	0	0	0	0	0	0	0	3	0	0	0	3	3	0	0	0	0	0	3	0	0	3	0	0	0	3	0	0	0	1	0	0	0	0	0	3	3	0	0	3	0	0	0	0	0	0	0	0	0	0	0	0	0	0	0	0	3	0	0	3	0	0	0	0	0	0	3	0	0	0	0	0	0	0	0	3	0	0	0	0	0	0	0	3	0	0	3	0	0	0	0	0	0	0	0	3	0	0	0	0	0	0	0	0	0	0	0	0	0	0	0	0	3	0	0	3	0	0	0	0
62	1	1	1	1	1	1	1	0	1	1	1	1	1	1	3	1	1	1	1	0	0	0	0	1	0	0	3	0	0	0	0	0	3	0	0	0	3	0	0	0	0	0	0	0	0	0	0	0	3	0	0	0	0	0	0	0	3	0	0	3	0	3	0	0	0	3	0	0	0	0	0	0	0	0	0	0	0	0	3	3	0	0	0	0	3	0	3	0	0	0	3	0	3	1	3	0	0	0	0	0	3	0	0	3	0	3	0	3	1	3	0	0	0	0	0	3	0	3	0	0	3	0	0	0	0	0	0	0	3	0	0	0	0	3	0	0	0	0	0	0	3	0	0	3	0	0	0	0	0	0	3	3	3	0	0	0	0	0	0	0	0	0	0	3	0	3	0	3	0	0	3	0	0	0	0	3	0	0	0	0	3	0	0	0	0	0	0	0	0	3	0	0	3	0	0	0	3	0	0	3
63	1	1	1	1	1	0	1	1	3	1	0	3	1	0	0	1	3	1	1	0	3	0	0	0	0	0	0	0	0	0	0	0	3	0	0	0	0	0	0	0	3	0	0	3	0	0	0	3	3	0	0	3	0	0	0	0	0	0	0	0	0	0	0	0	3	0	0	0	0	0	0	0	0	0	0	0	0	0	0	3	0	0	0	0	0	3	0	0	0	0	0	3	0	0	0	3	0	0	3	3	0	3	0	0	0	3	0	0	3	1	3	0	0	0	0	0	0	0	0	0	0	0	0	0	0	3	0	0	0	0	0	0	0	0	0	0	0	3	3	0	0	0	0	3	0	3	0	0	0	3	3	3	0	0	0	0	0	3	0	0	0	0	0	3	0	0	0	3	0	0	0	0	0	0	3	0	0	0	0	3	0	0	3	0	0	3	0	0	0	0	0	0	3	0	0	0	0	0	3	3
64	1	3	1	1	1	1	1	1	1	1	1	3	1	3	1	1	1	0	1	0	0	0	3	3	0	0	0	0	0	0	0	0	0	0	0	0	0	0	3	0	0	0	0	0	0	3	3	0	3	0	3	0	0	0	0	0	0	0	0	0	0	3	0	0	3	0	0	3	3	3	0	0	0	0	3	0	0	3	3	0	0	0	0	3	0	0	0	0	0	3	3	0	0	3	0	0	0	0	3	0	0	3	0	0	0	0	0	3	1	1	0	0	3	1	3	0	0	0	3	0	0	0	0	0	0	0	0	0	0	0	0	3	0	0	3	0	0	0	0	0	0	0	3	0	0	0	0	0	0	0	3	0	0	3	0	0	0	0	0	0	0	0	3	0	0	0	0	0	0	0	0	0	3	0	3	0	3	3	0	0	3	0	0	0	3	0	0	0	0	0	0	3	3	0	0	0	3	3	3	0
65	1	1	1	1	3	0	1	1	1	0	1	3	0	1	3	0	1	3	1	0	0	0	0	0	0	0	0	3	0	0	0	0	3	0	3	0	0	0	0	0	0	0	0	3	0	0	0	3	0	0	0	0	0	0	0	0	0	0	0	0	0	0	0	0	0	0	3	0	0	0	0	0	0	0	0	0	0	3	0	0	3	0	0	0	3	0	0	0	3	3	3	0	0	0	0	3	0	0	0	3	0	3	0	0	0	0	0	0	3	1	0	0	0	0	0	3	3	3	0	0	0	0	3	0	0	0	0	0	0	0	0	0	0	0	3	0	0	0	0	0	0	0	0	0	0	0	0	0	0	0	0	0	0	0	0	0	0	0	0	0	0	0	3	0	0	0	0	0	0	0	0	0	0	0	0	0	3	0	3	0	0	3	0	0	3	0	0	3	3	0	0	0	0	0	0	0	3	0	0	0
66	1	1	1	0	1	1	3	1	1	3	1	1	0	0	1	1	1	0	3	0	0	0	3	0	0	0	0	0	0	0	3	3	0	3	0	0	0	0	0	0	3	3	0	3	0	0	3	0	0	3	0	0	0	0	0	3	0	0	0	0	3	0	0	0	0	0	0	0	3	0	0	0	0	3	3	0	0	0	0	0	0	0	3	0	0	0	3	3	0	3	3	3	0	0	0	0	0	3	3	0	0	0	0	0	3	0	3	0	1	1	0	3	0	0	0	0	0	3	0	3	3	0	3	0	0	0	0	0	0	0	0	0	0	0	0	0	0	0	0	0	0	3	3	3	0	0	0	0	3	0	0	3	0	0	0	0	0	0	3	3	0	0	0	0	0	0	3	3	0	0	0	0	0	0	0	3	0	0	0	3	0	3	0	3	0	0	0	0	3	3	0	0	0	0	0	0	3	0	0	0
67	0	1	3	3	1	1	1	1	1	1	1	1	0	3	1	1	1	1	1	0	0	0	3	0	3	0	0	0	0	3	3	0	3	0	0	3	0	0	0	0	0	0	0	0	0	3	3	0	0	0	0	0	0	0	0	1	0	0	0	0	0	0	0	3	0	3	0	0	0	0	3	3	0	0	0	0	0	0	3	0	3	0	0	0	0	0	0	0	0	3	0	0	0	0	3	0	0	3	0	0	0	0	0	0	0	0	0	0	1	0	0	3	0	0	3	0	3	3	0	0	3	0	0	0	0	0	0	0	0	0	0	0	0	0	0	0	0	0	0	0	0	0	3	0	3	0	3	0	0	0	0	0	0	0	0	0	0	0	0	0	0	3	0	0	0	0	0	0	3	3	3	3	0	0	0	0	0	3	0	0	0	0	3	3	0	0	0	0	0	3	3	3	0	0	0	0	0	0	0	0
68	3	1	1	1	0	1	3	1	1	1	1	1	1	3	1	1	1	1	0	0	3	0	0	0	3	0	3	0	0	0	0	0	0	0	3	0	0	0	3	0	0	0	0	3	0	3	0	0	0	3	0	0	0	0	0	3	0	0	0	0	0	0	0	0	0	3	0	0	0	0	0	0	0	0	3	0	0	0	0	0	0	0	0	0	0	3	3	0	3	0	0	0	0	0	3	0	0	0	0	3	0	0	3	3	0	3	3	0	0	0	0	0	0	0	0	0	0	0	0	0	0	3	3	0	0	0	0	0	0	0	3	0	0	3	0	0	0	3	0	0	3	0	0	0	0	0	0	0	0	3	0	0	0	3	0	3	0	3	3	0	3	0	3	0	3	0	0	0	0	0	0	0	3	0	0	0	0	0	0	0	3	0	0	1	0	0	0	0	0	3	0	0	0	3	0	0	0	0	0	3
69	1	1	1	1	0	1	1	1	1	1	0	1	1	1	1	3	1	3	3	0	3	0	0	0	0	0	0	3	0	3	0	3	0	0	3	0	3	0	0	3	0	0	0	0	0	0	0	0	0	0	0	0	0	0	0	0	3	0	0	3	0	0	0	3	3	0	0	0	0	0	0	0	3	0	0	0	0	0	0	0	0	0	0	3	0	0	0	0	3	0	0	0	0	0	0	0	0	0	0	0	3	3	0	0	0	0	3	3	1	0	0	0	0	0	0	3	0	0	3	0	0	3	0	3	0	0	0	0	0	0	0	0	3	0	0	0	0	3	0	1	0	0	0	0	3	0	0	3	0	0	0	0	0	0	0	0	0	3	0	0	0	0	0	3	3	0	3	0	0	3	0	0	0	0	0	3	3	0	0	0	3	0	3	0	0	0	0	3	0	0	0	0	0	3	0	3	3	3	0	0
70	0	3	0	0	3	1	3	3	1	3	1	1	3	1	1	1	1	0	1	3	0	0	0	0	0	0	3	0	0	0	0	0	0	0	3	0	3	0	0	0	0	0	0	0	0	0	3	3	1	0	0	0	0	0	0	3	0	0	0	0	0	3	0	0	3	0	0	0	0	0	0	0	3	0	0	0	0	3	1	3	0	0	3	0	0	0	3	0	0	0	0	3	0	0	0	0	0	0	0	3	0	3	0	3	0	3	0	0	3	3	0	0	0	0	0	0	0	0	0	0	0	0	0	0	0	0	0	0	0	0	0	0	0	0	0	0	0	0	0	0	0	0	0	1	0	0	0	0	0	0	0	0	0	0	0	0	0	3	0	3	0	0	0	0	3	0	3	0	0	0	3	0	0	0	0	0	0	0	0	0	0	0	0	3	0	0	3	0	0	0	0	0	0	0	0	0	0	0	3	0
71	1	1	1	1	1	1	3	1	1	1	1	0	0	3	0	0	3	0	0	1	1	1	1	3	1	1	1	1	1	1	0	1	1	1	0	1	0	1	1	0	0	0	3	3	3	3	1	1	3	1	3	3	1	0	3	1	1	0	1	1	1	1	1	1	0	3	1	0	0	3	0	0	0	0	3	3	0	3	3	3	0	0	0	0	0	0	3	0	0	0	0	0	0	0	0	0	3	0	0	0	0	0	0	0	0	0	0	0	0	0	0	3	1	3	1	1	3	1	1	1	1	1	3	1	1	1	1	0	0	0	3	1	3	3	1	3	0	0	0	0	0	3	0	0	0	0	0	0	0	3	0	3	3	0	0	0	0	0	0	0	0	0	0	0	0	0	0	0	0	0	0	0	0	0	3	0	0	3	0	0	0	0	0	3	0	0	0	0	0	0	0	0	0	0	3	0	0	0	0	0
72	1	1	1	3	1	0	1	0	0	0	1	0	0	0	0	0	0	3	0	1	1	1	1	1	1	1	0	0	1	1	3	1	3	1	1	1	1	1	3	3	0	0	1	1	1	1	1	1	1	3	1	1	0	1	0	3	1	1	1	1	1	1	0	3	3	3	0	0	0	3	0	3	0	0	0	0	0	0	0	0	0	0	0	0	0	0	0	0	0	0	0	0	0	0	3	0	0	3	0	0	3	0	3	3	0	0	0	0	0	0	1	0	0	1	0	1	1	3	3	1	1	1	3	1	1	1	1	0	3	3	1	1	1	1	1	0	0	3	3	0	0	3	0	3	3	3	0	3	0	0	0	0	3	0	0	0	0	0	3	0	0	0	0	0	0	3	0	3	0	0	0	3	0	0	0	0	3	3	0	3	0	0	0	0	0	0	0	0	3	0	0	3	0	0	0	0	0	0	0	3
73	1	1	3	3	1	1	0	3	1	1	0	0	0	0	3	0	0	0	0	0	1	3	3	1	1	1	3	1	3	0	1	3	1	1	1	1	1	1	0	0	0	0	1	1	3	0	1	0	1	3	1	1	3	3	3	1	3	0	1	1	0	0	1	3	0	1	1	0	0	3	0	3	3	0	0	0	0	0	3	0	0	0	0	3	0	0	0	0	0	0	0	3	0	0	0	3	3	0	3	0	3	0	0	0	0	0	3	0	0	0	0	0	0	0	0	3	3	0	0	0	0	3	0	0	0	3	0	0	0	0	0	0	0	0	0	1	1	1	0	1	3	1	3	1	1	3	3	3	1	1	3	1	1	3	1	1	3	3	0	0	0	0	0	0	0	0	0	0	3	0	0	0	0	0	0	0	0	3	0	0	3	0	0	0	0	0	3	0	0	3	0	3	0	0	0	0	0	0	0	0
74	1	1	1	3	1	1	1	1	1	1	1	0	0	3	0	3	0	0	3	0	3	1	1	1	1	0	1	1	1	1	1	1	1	1	1	0	3	0	0	1	3	0	0	3	0	3	0	0	0	0	0	0	0	0	3	0	0	0	1	0	0	0	0	0	0	3	0	3	0	1	1	1	1	0	1	1	3	1	1	1	1	0	0	3	0	0	0	0	0	0	0	0	0	0	0	3	0	0	0	0	0	0	0	0	3	0	3	3	3	0	0	0	3	0	0	3	0	0	0	0	0	0	0	3	0	0	0	0	0	0	0	0	0	0	0	0	0	0	0	3	0	3	0	0	3	0	0	0	0	0	0	0	0	3	0	0	0	1	1	3	1	0	0	0	0	0	0	3	0	0	0	3	0	0	3	0	3	0	0	0	0	3	0	3	0	0	0	3	0	0	0	3	0	1	0	0	0	0	0	1
75	1	1	1	1	3	1	3	1	3	1	1	3	0	3	0	0	0	0	0	1	1	3	3	1	3	3	1	0	0	3	1	0	1	1	0	1	1	1	1	1	1	1	0	3	0	3	0	0	0	0	0	0	0	0	3	0	3	0	3	0	3	0	0	0	0	0	0	1	3	1	1	1	1	1	3	0	1	1	1	3	1	3	3	0	0	0	0	0	0	0	0	0	0	3	0	0	0	0	0	0	0	0	0	0	3	0	0	3	0	0	0	0	0	3	0	3	0	0	0	0	0	0	0	3	0	3	0	0	0	0	0	0	0	0	0	3	0	0	0	0	3	0	0	0	0	0	3	3	0	0	0	0	3	0	0	0	0	1	1	1	1	0	0	0	0	0	0	0	0	0	0	0	3	0	0	0	0	0	0	0	0	3	0	0	0	0	0	0	0	0	3	0	0	0	0	3	0	0	0	0
76	1	1	0	1	1	3	1	3	1	1	3	3	0	0	0	0	0	0	0	1	1	1	1	1	1	1	0	3	1	0	0	1	1	0	1	3	0	0	3	1	1	1	0	0	0	0	3	0	0	0	0	0	0	3	0	3	0	3	0	3	0	0	3	0	0	3	0	1	1	3	1	0	1	1	1	1	3	3	3	0	0	3	3	0	0	3	3	0	0	0	0	0	0	0	0	0	0	0	0	0	0	0	3	3	3	0	3	0	0	0	0	0	0	3	0	0	3	0	0	0	0	3	0	0	0	0	0	3	0	0	0	0	0	0	0	3	0	0	0	0	0	3	3	0	0	0	0	0	0	0	3	0	3	0	0	0	0	3	1	1	3	0	0	0	0	3	0	3	0	0	0	0	0	0	3	0	0	3	0	0	3	0	0	3	0	0	0	3	3	0	0	3	0	0	0	0	3	0	3	0
77	1	1	1	1	1	1	3	1	1	1	0	3	0	0	0	0	0	0	0	0	1	1	0	1	1	3	0	1	0	1	3	0	1	0	1	1	1	1	1	1	0	3	0	0	0	0	3	0	0	0	0	0	0	0	0	0	0	3	0	0	0	3	0	0	3	3	3	1	1	1	0	1	1	1	1	1	0	1	1	0	1	0	0	3	0	0	3	0	3	0	0	0	0	0	0	0	3	0	0	0	0	0	0	0	0	0	0	3	0	0	0	0	0	0	0	0	0	0	0	0	0	3	0	0	0	0	0	0	0	0	3	0	3	0	3	0	0	3	0	0	0	0	0	0	0	0	0	0	0	0	0	0	3	0	0	0	0	0	1	1	0	0	3	0	0	0	0	0	0	0	0	0	0	3	0	3	0	0	0	0	0	0	3	3	3	0	3	0	0	0	0	0	0	0	0	0	3	0	3	0
78	1	0	3	1	1	1	1	1	0	0	1	0	0	0	0	0	3	0	0	1	0	0	0	3	1	1	1	1	1	0	1	3	1	1	1	1	1	1	0	1	3	1	0	0	3	0	0	0	0	1	0	0	0	0	0	0	0	0	0	0	0	3	0	0	0	0	0	1	1	1	1	1	0	1	1	1	1	0	3	3	3	0	0	3	0	3	0	0	3	0	3	0	0	3	3	0	0	0	0	0	3	0	0	0	3	3	0	0	0	3	3	0	0	3	0	0	0	0	0	0	3	0	0	0	0	3	0	0	0	0	0	0	0	0	0	3	0	0	3	0	3	3	3	3	3	0	3	0	3	3	3	0	0	0	0	0	0	1	1	1	1	3	3	0	0	0	3	0	0	0	0	0	3	0	0	0	0	3	0	0	0	0	0	3	0	0	0	0	3	0	0	3	0	0	0	3	0	0	0	0
79	1	1	3	0	1	0	1	3	1	1	1	0	0	0	0	0	0	0	3	1	1	1	0	1	1	1	1	0	1	0	1	1	0	1	1	1	1	1	3	1	1	1	0	0	0	0	0	0	0	3	0	0	0	0	0	0	0	0	0	0	0	0	0	3	0	0	0	1	0	0	1	1	1	1	1	1	1	1	0	0	1	0	0	0	3	0	0	0	3	0	0	0	0	0	0	0	0	0	0	0	3	0	0	0	0	0	3	0	0	3	0	0	0	0	0	0	0	0	0	0	3	0	3	3	3	0	0	0	0	3	3	0	0	0	3	3	0	3	0	0	3	3	0	3	0	0	0	0	1	0	3	0	0	0	0	0	3	0	0	0	0	0	0	0	1	1	3	0	1	1	1	0	1	1	0	0	1	1	1	3	1	0	1	1	1	0	1	1	1	0	0	0	3	0	0	0	0	0	0	0
80	1	1	3	3	1	1	3	1	1	1	3	0	0	0	0	0	0	0	0	1	3	1	1	0	1	1	0	3	1	3	0	1	1	3	1	1	1	0	0	1	1	1	0	0	0	0	3	0	0	0	0	0	3	3	0	0	3	0	3	3	0	0	0	0	0	0	0	1	0	1	1	0	1	3	1	1	3	1	0	1	0	3	0	0	3	0	0	3	0	0	0	0	0	0	3	3	0	0	0	1	3	1	3	0	0	0	0	3	3	0	0	0	1	0	0	0	0	0	0	0	0	0	0	0	0	0	3	0	0	0	3	0	0	0	0	0	0	0	0	3	0	0	0	0	0	0	0	0	0	0	0	0	0	0	0	0	0	0	0	0	0	1	1	1	1	0	1	1	1	0	1	1	1	1	1	1	0	1	1	1	0	1	0	3	3	1	1	1	1	3	0	0	0	0	0	0	3	0	3	3
81	1	1	0	1	1	3	1	1	1	1	1	0	3	0	0	3	0	0	3	1	0	0	3	1	3	1	1	1	1	3	1	0	3	1	1	1	0	1	1	3	1	1	0	0	3	0	0	0	0	0	1	0	3	0	3	0	3	3	0	0	0	0	0	0	0	0	0	0	0	1	1	0	1	1	0	3	1	1	0	1	1	0	0	0	0	0	0	0	3	0	0	0	0	0	3	0	0	0	0	3	0	0	0	0	0	0	0	3	0	0	0	3	0	0	0	0	0	0	0	0	3	0	3	0	3	0	0	0	0	0	0	3	3	0	0	3	0	3	0	0	3	0	0	0	0	3	0	0	0	3	0	0	0	0	0	0	0	0	3	0	3	1	1	1	1	0	0	0	1	1	1	3	0	0	1	1	0	1	1	3	3	1	1	1	3	1	0	3	1	0	0	0	0	3	0	0	3	3	0	0
82	1	3	1	1	1	1	0	1	1	1	1	0	0	0	0	0	0	3	0	3	3	1	1	1	1	1	1	3	1	1	0	1	0	0	0	1	3	1	3	1	3	3	0	3	0	0	0	0	0	0	0	0	0	0	0	3	0	0	0	0	0	0	0	0	0	0	0	3	3	0	1	0	1	1	1	1	1	1	1	1	1	0	0	0	3	0	3	0	0	0	0	0	0	0	0	0	0	0	3	0	3	0	3	0	0	0	0	0	0	0	0	3	3	0	0	0	0	0	0	0	0	3	0	0	0	0	0	3	3	0	0	0	0	0	0	0	3	0	0	0	0	0	0	0	0	0	0	0	3	0	3	0	0	0	0	3	0	3	0	0	0	1	3	1	3	0	1	0	1	0	1	1	0	1	1	1	1	1	1	3	1	0	1	0	0	0	1	1	1	0	0	0	0	0	0	0	0	3	3	0
83	1	3	1	0	1	1	1	1	1	0	1	0	0	0	0	3	0	0	0	3	1	1	1	1	1	1	3	1	1	0	1	1	0	1	1	3	3	0	1	1	1	1	3	0	0	0	0	0	0	0	3	3	0	0	0	0	0	0	0	0	0	0	3	0	3	0	0	1	0	1	1	1	1	1	0	0	1	1	1	1	1	0	3	0	0	0	0	0	0	0	0	3	0	0	0	0	3	0	3	0	0	0	0	0	0	0	0	3	0	0	0	0	0	0	0	0	0	0	0	0	3	0	0	0	0	0	0	0	0	0	3	0	3	0	0	0	0	3	3	0	0	3	3	0	0	0	0	0	0	3	3	0	0	0	0	0	0	0	0	0	0	3	0	1	3	1	3	3	1	1	1	1	1	1	0	1	1	1	3	3	1	1	3	3	1	0	0	3	1	3	0	3	0	0	0	0	0	0	3	0
84	3	1	0	3	1	1	3	1	0	1	1	0	0	3	0	3	0	0	0	1	0	1	1	1	1	1	1	1	1	0	3	1	1	1	3	1	0	0	1	1	1	0	0	0	3	0	0	0	0	0	0	0	0	0	0	0	0	0	0	0	0	0	0	0	0	0	0	1	1	0	1	1	1	1	0	1	0	1	1	3	1	3	0	0	0	0	0	0	0	0	0	0	0	0	0	0	0	0	0	0	0	0	0	0	0	0	0	1	0	0	0	3	3	0	3	0	0	0	0	3	0	0	0	0	0	0	3	0	0	0	0	0	0	0	0	0	0	0	3	3	0	0	3	0	3	0	0	0	0	0	0	0	3	0	0	0	0	1	0	3	3	1	1	0	1	0	1	3	1	1	1	1	0	0	3	1	3	1	3	1	1	1	0	1	0	0	1	1	1	3	3	0	3	0	0	3	3	0	3	0
85	1	0	1	1	0	1	1	3	3	0	1	0	0	0	0	0	0	3	0	1	1	0	1	1	0	1	3	1	1	1	1	1	3	1	1	3	1	3	1	0	3	0	0	0	0	0	0	0	0	0	0	0	0	0	0	0	0	0	0	0	0	3	3	0	0	0	0	1	3	1	1	1	0	0	1	1	1	1	1	1	3	3	0	0	0	0	0	0	0	0	0	0	0	3	0	0	0	0	0	0	0	0	0	0	0	0	0	3	0	0	3	0	0	3	3	0	0	0	0	0	0	0	3	0	0	0	3	0	0	0	0	0	0	0	0	0	0	0	0	0	0	0	0	0	3	0	0	0	0	0	0	0	0	0	0	0	0	3	0	0	0	1	1	3	3	1	0	3	1	1	1	1	1	1	1	1	3	1	1	0	0	1	3	1	3	1	1	3	0	0	0	3	0	0	0	0	3	0	0	0
86	1	1	0	0	1	3	1	3	1	1	3	0	3	0	0	0	0	0	0	3	1	3	1	1	3	0	1	3	1	0	1	0	1	1	0	0	0	1	0	1	1	0	3	3	3	3	0	3	0	0	0	0	0	0	0	0	0	0	3	0	0	0	0	0	3	3	0	1	1	1	1	1	1	1	0	3	1	0	1	3	1	0	0	0	0	0	0	0	0	3	0	3	3	0	0	0	0	0	3	3	0	0	0	3	0	0	0	0	3	0	0	0	1	3	0	0	0	0	0	0	0	3	3	0	0	0	0	0	3	3	0	0	0	0	3	3	0	3	0	0	0	0	0	0	0	0	0	0	0	0	0	3	0	0	0	0	0	0	0	0	0	1	1	0	1	1	0	1	0	3	1	0	1	1	1	1	1	1	3	1	1	1	0	0	3	3	3	1	0	0	0	0	0	0	3	0	0	0	0	3
87	1	1	1	1	1	1	1	1	1	0	0	0	0	0	0	0	0	0	0	0	1	1	1	3	1	3	1	3	0	1	3	3	1	3	3	0	1	0	0	1	3	3	0	0	0	3	3	3	0	0	3	3	0	0	0	0	3	0	0	0	3	0	0	0	0	0	0	1	3	1	0	1	1	1	1	1	1	1	3	3	3	0	0	0	0	0	3	0	0	0	0	0	3	0	0	0	0	0	0	0	0	3	0	0	3	3	0	0	3	3	3	3	0	3	0	0	0	0	0	0	0	0	0	0	0	3	0	0	0	0	0	0	0	0	0	3	0	0	0	0	0	0	0	0	0	0	0	3	0	0	3	3	0	0	0	3	0	3	3	0	0	1	3	3	1	1	3	1	3	3	0	1	1	1	1	1	1	3	0	3	3	3	1	3	1	1	3	0	1	0	3	0	0	0	0	0	0	0	0	1
88	0	1	0	1	1	1	1	1	1	1	1	0	0	0	0	3	0	0	0	1	3	1	1	3	3	1	3	1	1	3	1	1	1	1	1	1	1	3	1	0	3	1	0	3	0	0	0	0	0	0	0	0	0	3	0	3	0	3	0	0	0	0	0	3	0	0	0	3	3	1	1	1	3	1	1	1	3	1	1	1	1	0	0	0	0	0	0	0	0	0	0	0	0	0	0	0	0	0	0	0	0	0	0	0	0	3	0	3	0	0	3	3	3	0	0	0	3	0	3	0	3	0	3	0	0	0	0	3	0	0	0	0	0	0	0	0	3	0	3	0	0	3	0	0	3	0	0	0	3	0	1	0	3	3	0	0	3	0	0	0	0	1	1	1	1	0	3	1	1	3	0	3	1	0	3	1	3	0	0	0	1	1	3	0	1	1	0	1	1	0	0	0	3	3	0	0	3	0	0	0
89	1	1	3	3	1	0	1	1	3	3	1	0	0	3	3	0	0	0	0	3	3	1	3	1	1	3	0	3	3	1	1	0	3	3	1	0	1	0	1	3	1	1	0	0	3	0	0	0	0	3	0	0	0	3	0	0	3	0	3	0	0	0	0	1	3	0	0	0	3	1	3	3	1	1	3	3	1	3	1	3	1	0	0	0	0	0	0	0	0	0	0	0	3	0	0	3	0	0	0	0	0	3	0	0	0	3	0	0	0	0	0	0	0	0	0	0	0	0	3	0	0	3	0	0	0	3	0	0	3	0	0	0	0	3	3	3	0	0	0	0	0	0	0	0	0	0	0	0	0	1	0	0	0	0	0	0	1	3	0	0	3	1	1	1	3	1	1	1	3	1	1	0	0	3	0	1	1	0	3	1	0	3	1	1	1	3	1	3	1	0	0	0	0	0	0	0	0	0	0	0
90	1	1	1	1	3	3	1	0	1	0	1	0	0	3	0	0	0	0	0	1	1	1	1	1	1	1	1	0	1	1	3	1	1	1	1	0	3	3	3	1	1	1	3	0	0	0	3	0	3	0	0	3	3	3	0	0	0	0	3	0	3	0	0	0	0	0	0	1	3	0	1	1	1	3	1	1	1	1	1	1	3	0	0	3	0	0	3	0	0	0	0	0	0	0	0	0	0	0	0	0	0	3	3	0	0	0	0	0	0	0	0	0	0	0	0	0	0	0	0	0	0	3	0	3	0	0	3	0	0	0	3	0	0	0	0	0	0	0	3	0	0	0	0	0	0	3	0	0	3	0	0	0	0	0	3	0	0	0	0	0	0	0	1	1	1	1	3	3	1	1	1	0	1	1	1	1	1	1	1	1	1	3	1	3	3	3	1	3	1	0	3	0	0	0	0	0	0	0	0	0
91	1	1	0	1	0	0	3	3	1	1	1	3	0	3	0	0	0	0	3	1	1	0	1	1	3	1	0	1	1	3	1	3	1	1	0	1	1	3	1	1	1	1	0	3	0	0	0	0	0	0	3	0	0	0	0	0	0	0	0	3	0	0	0	0	0	0	0	3	1	1	3	0	1	3	3	1	3	1	1	1	3	3	0	0	0	0	0	0	0	0	0	0	0	0	0	0	0	3	3	0	0	0	3	0	3	0	0	0	0	0	0	0	0	0	0	0	0	0	3	0	0	0	0	0	3	0	0	3	3	0	0	0	0	0	0	0	3	3	0	0	0	0	0	0	0	0	3	0	0	0	0	3	3	0	0	0	0	0	3	0	0	3	1	1	1	1	0	0	3	0	1	3	1	3	1	1	1	0	3	1	1	1	0	1	3	3	1	1	1	3	0	0	0	0	0	0	0	0	0	3
92	1	1	1	1	0	1	1	3	1	3	1	0	0	0	0	3	3	0	0	1	1	1	1	1	3	1	3	3	3	3	1	1	1	1	1	0	3	1	1	1	1	1	0	0	3	0	0	0	0	0	0	0	0	0	0	0	0	3	3	0	0	0	0	0	3	0	0	1	1	1	1	1	0	1	1	1	3	1	1	1	1	0	0	0	0	0	0	3	3	0	0	0	0	0	0	0	0	0	0	0	0	0	0	0	0	0	0	0	0	0	0	0	0	3	3	0	0	0	1	0	0	0	3	0	0	0	3	0	0	0	0	0	0	0	0	0	0	0	0	0	3	0	0	0	0	0	0	0	3	0	3	3	0	0	0	0	0	0	0	3	0	3	3	1	3	3	1	1	0	1	0	3	1	0	3	1	0	1	1	3	0	1	1	1	0	0	3	1	3	0	0	3	0	3	0	3	0	0	0	0
93	1	1	0	0	1	1	1	1	0	0	1	0	3	0	0	3	0	0	3	1	0	1	3	0	3	0	1	3	1	1	1	0	1	3	1	1	1	1	1	1	0	3	0	0	0	0	0	3	3	0	0	3	0	0	0	0	0	0	0	0	0	0	3	0	0	0	0	1	1	1	1	1	1	1	3	1	1	1	1	1	1	0	0	0	0	0	3	0	0	0	0	3	0	0	3	0	3	0	0	0	3	0	0	0	0	0	0	0	0	3	3	0	0	3	3	3	3	3	0	0	0	3	0	0	3	0	0	0	0	0	0	0	0	0	3	0	0	0	3	0	0	0	3	3	0	0	3	0	0	0	0	3	0	3	0	0	0	0	0	3	0	0	1	1	3	1	0	1	1	1	0	1	3	3	3	1	1	1	1	1	1	1	1	1	0	0	1	3	1	3	0	0	0	0	3	0	3	3	0	3
94	0	3	1	1	1	3	1	0	3	3	3	0	0	0	0	3	0	0	3	0	3	1	1	1	1	3	0	3	0	1	1	1	0	1	1	0	1	0	3	3	1	1	0	3	3	0	0	0	0	0	0	3	0	0	3	0	0	3	0	3	0	0	0	0	0	1	0	1	1	1	1	3	1	1	1	1	1	1	3	1	3	0	0	0	0	3	0	0	3	0	0	0	3	3	0	3	0	0	0	0	0	0	0	0	0	0	0	0	0	3	3	0	3	0	0	0	0	0	0	0	0	0	3	0	3	0	0	0	0	0	0	0	0	3	0	0	0	3	0	0	0	0	0	0	0	3	0	0	0	3	0	0	0	0	3	0	0	0	0	0	0	1	3	1	1	1	1	1	1	1	1	1	3	1	1	1	0	1	1	0	3	1	1	1	1	1	1	3	1	0	0	0	0	0	0	0	0	0	0	0
95	3	0	0	3	1	1	1	0	1	0	3	0	0	3	0	0	3	0	0	1	0	1	0	1	1	1	0	1	1	0	1	0	3	0	1	1	3	1	1	1	1	3	3	0	0	0	0	3	0	0	0	0	0	0	0	3	0	0	0	3	1	0	3	0	0	0	0	1	1	1	3	0	0	3	1	1	1	1	1	1	0	0	3	3	0	0	0	0	0	0	1	3	0	0	0	0	0	0	0	1	3	0	0	0	0	0	3	0	0	0	0	0	0	3	0	3	0	0	0	0	0	0	0	3	0	3	0	0	0	0	0	3	0	0	0	0	3	0	0	0	0	0	0	3	0	0	0	0	0	0	0	0	0	0	0	3	3	0	0	0	0	1	1	0	3	1	1	1	1	0	3	1	0	0	1	3	1	0	1	1	3	1	1	1	0	0	3	1	1	0	0	3	0	3	0	0	3	0	3	0
96	0	1	3	1	0	1	1	1	1	3	1	0	0	3	3	0	0	0	0	1	1	1	1	1	1	1	1	1	1	1	1	0	1	3	1	1	1	0	0	1	1	1	0	0	0	3	0	0	0	0	0	0	0	3	0	0	0	0	3	0	0	0	0	3	0	0	0	1	1	0	1	0	3	1	1	1	1	1	1	3	3	3	0	0	0	0	0	3	0	3	0	0	0	0	3	0	0	3	0	0	0	0	0	0	0	3	0	0	0	0	3	0	0	0	0	0	3	0	0	0	3	0	0	0	0	0	0	0	0	0	0	0	0	0	0	0	0	0	0	0	0	0	3	0	0	3	0	0	0	0	0	0	0	0	0	0	0	3	0	0	0	1	1	0	1	1	1	1	1	1	1	1	1	3	0	0	1	3	1	1	3	1	1	1	1	3	0	1	0	0	3	0	0	0	0	0	0	0	0	3
97	1	1	1	1	1	0	1	1	3	1	0	1	1	1	1	1	0	3	3	0	0	0	0	0	0	3	0	0	0	0	0	0	0	0	3	0	0	0	0	0	0	3	0	0	0	3	3	0	0	0	3	0	0	0	0	0	0	0	0	0	3	0	0	3	3	0	0	3	3	3	0	0	0	0	0	0	0	0	0	0	0	3	3	0	0	0	0	3	1	1	1	3	1	1	1	1	0	0	3	1	0	1	0	3	1	1	3	1	3	3	0	0	0	0	3	1	0	0	0	0	0	3	0	0	3	0	0	0	0	3	0	0	0	0	0	0	0	0	0	0	0	3	0	3	0	0	3	0	0	0	0	3	3	0	3	0	0	0	0	0	0	0	3	0	0	0	0	0	0	0	3	0	0	0	3	0	0	0	3	0	0	0	0	0	0	0	0	3	0	1	1	3	0	0	1	3	3	0	0	0
98	0	1	1	0	1	1	1	3	0	1	1	1	1	1	1	1	0	1	1	0	3	0	0	0	0	0	0	3	0	0	0	0	0	0	0	0	0	0	0	0	0	0	0	3	3	0	0	0	0	0	0	3	0	0	0	3	0	0	3	0	0	0	0	0	0	0	0	0	0	0	3	0	0	0	0	0	0	0	0	3	0	0	0	0	3	0	0	3	3	1	3	1	1	1	1	1	0	3	0	1	1	1	1	3	1	1	1	1	0	0	0	0	0	0	0	0	0	0	3	0	0	0	3	0	0	0	3	0	0	0	0	0	0	0	0	0	0	0	0	3	0	0	3	3	0	0	0	3	0	0	0	0	0	0	0	0	0	0	0	0	0	3	0	0	0	0	0	3	0	0	0	3	0	3	0	3	0	1	0	0	0	0	0	3	0	0	0	0	0	0	0	1	1	1	1	1	3	1	3	1
99	3	1	0	3	1	1	1	0	1	3	1	1	1	0	1	1	1	0	1	0	3	0	0	0	0	3	0	0	0	0	3	0	3	0	0	0	3	3	0	0	0	0	0	0	0	3	0	0	0	0	0	0	0	0	0	3	0	0	0	0	0	0	0	0	0	3	0	3	0	0	0	0	0	0	0	0	3	0	0	0	0	0	0	0	3	0	0	0	3	1	1	1	1	0	0	1	1	3	1	3	1	1	1	0	1	0	1	1	3	0	0	3	0	0	0	3	0	0	0	0	0	0	0	3	3	0	0	3	0	3	0	0	3	0	0	3	3	0	3	0	0	3	0	0	0	0	0	0	0	3	0	0	0	0	0	3	0	0	0	0	0	1	3	0	0	0	0	0	0	0	3	0	0	0	0	0	0	0	3	0	0	0	0	3	3	0	0	0	0	0	0	3	1	1	1	0	3	1	1	3
