	c0	c12754	c48349	c59580	c79005	c137162	c175786	c177173	c203548	c230418	c235437
t1_1	1	0	0	0	0	0	0	0	0	0	0
t1_2	1	0	0	0	0	0	0	0	0	0	0
t1_3	1	0	0	0	0	0	0	0	0	0	0
t1_4	1	0	0	0	0	0	0	0	0	0	0
t1_5	1	0	0	0	0	0	0	0	0	0	0
t1_6	1	0	0	0	0	0	0	0	0	0	0
t1_7	1	0	0	0	0	0	0	0	0	0	0
t1_8	1	0	0	0	0	0	0	0	0	0	0
t1_9	1	0	0	0	0	0	0	0	0	0	0
t1_10	1	0	0	0	0	0	0	0	0	0	0
t1_11	1	0	0	0	0	0	0	0	0	0	0
t1_12	1	0	0	0	0	0	0	0	0	0	0
t1_13	1	0	0	0	0	0	0	0	0	0	0
t1_14	1	0	0	0	0	0	0	0	0	0	0
t1_15	1	0	0	0	0	0	0	0	0	0	0
t1_16	1	0	0	0	0	0	0	0	0	0	0
t1_17	1	0	0	0	0	0	0	0	0	0	0
t1_18	1	0	0	0	0	0	0	0	0	0	0
t1_19	1	0	0	0	0	0	0	0	0	0	0
t1_20	1	0	0	0	0	0	0	0	0	0	0
t1_21	1	0	0	0	0	0	0	0	0	0	0
t1_22	1	0	0	0	0	0	0	0	0	0	0
t1_23	1	0	0	0	0	0	0	0	0	0	0
t1_24	1	0	0	0	0	0	0	0	0	0	0
t1_25	1	0	0	0	0	0	0	0	0	0	0
t1_26	1	0	0	0	0	0	0	0	0	0	0
t1_27	1	0	0	0	0	0	0	0	0	0	0
t1_28	1	0	0	0	0	0	0	0	0	0	0
t1_29	1	0	0	0	0	0	0	0	0	0	0
t1_30	1	0	0	0	0	0	0	0	0	0	0
t1_31	1	0	0	0	0	0	0	0	0	0	0
t1_32	1	0	0	0	0	0	0	0	0	0	0
t1_33	1	0	0	0	0	0	0	0	0	0	0
t1_34	1	0	0	0	0	0	0	0	0	0	0
t1_35	1	0	0	0	0	0	0	0	0	0	0
t1_36	1	0	0	0	0	0	0	0	0	0	0
t1_37	1	0	0	0	0	0	0	0	0	0	0
t1_38	1	0	0	0	0	0	0	0	0	0	0
t1_39	1	0	0	0	0	0	0	0	0	0	0
t1_40	1	0	0	0	0	0	0	0	0	0	0
t1_41	1	0	0	0	0	0	0	0	0	0	0
t1_42	1	0	0	0	0	0	0	0	0	0	0
t1_43	1	0	0	0	0	0	0	0	0	0	0
t1_44	1	0	0	0	0	0	0	0	0	0	0
t1_45	1	0	0	0	0	0	0	0	0	0	0
t1_46	1	0	0	0	0	0	0	0	0	0	0
t1_47	1	0	0	0	0	0	0	0	0	0	0
t1_48	1	0	0	0	0	0	0	0	0	0	0
t1_49	1	0	0	0	0	0	0	0	0	0	0
t1_50	1	0	0	0	0	0	0	0	0	0	0
t1_51	1	0	0	0	0	0	0	0	0	0	0
t1_52	1	0	0	0	0	0	0	0	0	0	0
t1_53	1	0	0	0	0	0	0	0	0	0	0
t1_54	1	0	0	0	0	0	0	0	0	0	0
t1_55	1	0	0	0	0	0	0	0	0	0	0
t1_56	1	0	0	0	0	0	0	0	0	0	0
t1_57	1	0	0	0	0	0	0	0	0	0	0
t1_58	1	0	0	0	0	0	0	0	0	0	0
t1_59	1	0	0	0	0	0	0	0	0	0	0
t1_60	1	0	0	0	0	0	0	0	0	0	0
t1_61	1	0	0	0	0	0	0	0	0	0	0
t1_62	1	0	0	0	0	0	0	0	0	0	0
t1_63	1	0	0	0	0	0	0	0	0	0	0
t1_64	1	0	0	0	0	0	0	0	0	0	0
t1_65	1	0	0	0	0	0	0	0	0	0	0
t1_66	1	0	0	0	0	0	0	0	0	0	0
t1_67	1	0	0	0	0	0	0	0	0	0	0
t1_68	1	0	0	0	0	0	0	0	0	0	0
t1_69	1	0	0	0	0	0	0	0	0	0	0
t1_70	1	0	0	0	0	0	0	0	0	0	0
t1_71	1	0	0	0	0	0	0	0	0	0	0
t1_72	1	0	0	0	0	0	0	0	0	0	0
t1_73	1	0	0	0	0	0	0	0	0	0	0
t1_74	1	0	0	0	0	0	0	0	0	0	0
t1_75	1	0	0	0	0	0	0	0	0	0	0
t1_76	1	0	0	0	0	0	0	0	0	0	0
t1_77	1	0	0	0	0	0	0	0	0	0	0
t1_78	1	0	0	0	0	0	0	0	0	0	0
t1_79	1	0	0	0	0	0	0	0	0	0	0
t1_80	1	0	0	0	0	0	0	0	0	0	0
t1_81	1	0	0	0	0	0	0	0	0	0	0
t1_82	1	0	0	0	0	0	0	0	0	0	0
t1_83	1	0	0	0	0	0	0	0	0	0	0
t1_84	1	0	0	0	0	0	0	0	0	0	0
t1_85	1	0	0	0	0	0	0	0	0	0	0
t1_86	1	0	0	0	0	0	0	0	0	0	0
t1_87	1	0	0	0	0	0	0	0	0	0	0
t1_88	1	0	0	0	0	0	0	0	0	0	0
t1_89	1	0	0	0	0	0	0	0	0	0	0
t1_90	1	0	0	0	0	0	0	0	0	0	0
t1_91	1	0	0	0	0	0	0	0	0	0	0
t1_92	1	0	0	0	0	0	0	0	0	0	0
t1_93	1	0	0	0	0	0	0	0	0	0	0
t1_94	1	0	0	0	0	0	0	0	0	0	0
t1_95	1	0	0	0	0	0	0	0	0	0	0
t1_96	1	0	0	0	0	0	0	0	0	0	0
t1_97	1	0	0	0	0	0	0	0	0	0	0
t1_98	1	0	0	0	0	0	0	0	0	0	0
t1_99	1	0	0	0	0	0	0	0	0	0	0
t1_100	1	0	0	0	0	0	0	0	0	0	0
t1_101	1	0	0	0	0	0	0	0	0	0	0
t1_102	1	0	0	0	0	0	0	0	0	0	0
t1_103	1	0	0	0	0	0	0	0	0	0	0
t1_104	1	0	0	0	0	0	0	0	0	0	0
t1_105	1	0	0	0	0	0	0	0	0	0	0
t1_106	1	0	0	0	0	0	0	0	0	0	0
t1_107	1	0	0	0	0	0	0	0	0	0	0
t1_108	1	0	0	0	0	0	0	0	0	0	0
t1_109	1	0	0	0	0	0	0	0	0	0	0
t1_110	1	0	0	0	0	0	0	0	0	0	0
t1_111	1	0	0	0	0	0	0	0	0	0	0
t1_112	1	0	0	0	0	0	0	0	0	0	0
t1_113	1	0	0	0	0	0	0	0	0	0	0
t1_114	1	0	0	0	0	0	0	0	0	0	0
t1_115	1	0	0	0	0	0	0	0	0	0	0
t1_116	1	0	0	0	0	0	0	0	0	0	0
t1_117	1	0	0	0	0	0	0	0	0	0	0
t1_118	1	0	0	0	0	0	0	0	0	0	0
t1_119	1	0	0	0	0	0	0	0	0	0	0
t1_120	1	0	0	0	0	0	0	0	0	0	0
t1_121	1	0	0	0	0	0	0	0	0	0	0
t1_122	1	0	0	0	0	0	0	0	0	0	0
t1_123	1	0	0	0	0	0	0	0	0	0	0
t1_124	1	0	0	0	0	0	0	0	0	0	0
t1_125	1	0	0	0	0	0	0	0	0	0	0
t1_126	1	0	0	0	0	0	0	0	0	0	0
t1_127	1	0	0	0	0	0	0	0	0	0	0
t1_128	1	0	0	0	0	0	0	0	0	0	0
t1_129	1	0	0	0	0	0	0	0	0	0	0
t1_130	1	0	0	0	0	0	0	0	0	0	0
t1_131	1	0	0	0	0	0	0	0	0	0	0
t1_132	1	0	0	0	0	0	0	0	0	0	0
t1_133	1	0	0	0	0	0	0	0	0	0	0
t1_134	1	0	0	0	0	0	0	0	0	0	0
t1_135	1	0	0	0	0	0	0	0	0	0	0
t1_136	1	0	0	0	0	0	0	0	0	0	0
t1_137	1	0	0	0	0	0	0	0	0	0	0
t1_138	1	0	0	0	0	0	0	0	0	0	0
t1_139	1	0	0	0	0	0	0	0	0	0	0
t1_140	1	0	0	0	0	0	0	0	0	0	0
t1_141	1	0	0	0	0	0	0	0	0	0	0
t1_142	1	0	0	0	0	0	0	0	0	0	0
t1_143	1	0	0	0	0	0	0	0	0	0	0
t1_144	1	0	0	0	0	0	0	0	0	0	0
t1_145	1	0	0	0	0	0	0	0	0	0	0
t1_146	1	0	0	0	0	0	0	0	0	0	0
t1_147	1	0	0	0	0	0	0	0	0	0	0
t1_148	1	0	0	0	0	0	0	0	0	0	0
t1_149	1	0	0	0	0	0	0	0	0	0	0
t1_150	1	0	0	0	0	0	0	0	0	0	0
t1_151	1	0	0	0	0	0	0	0	0	0	0
t1_152	1	0	0	0	0	0	0	0	0	0	0
t1_153	1	0	0	0	0	0	0	0	0	0	0
t1_154	1	0	0	0	0	0	0	0	0	0	0
t1_155	1	0	0	0	0	0	0	0	0	0	0
t1_156	1	0	0	0	0	0	0	0	0	0	0
t1_157	1	0	0	0	0	0	0	0	0	0	0
t1_158	1	0	0	0	0	0	0	0	0	0	0
t1_159	1	0	0	0	0	0	0	0	0	0	0
t1_160	1	0	0	0	0	0	0	0	0	0	0
t1_161	1	0	0	0	0	0	0	0	0	0	0
t1_162	1	0	0	0	0	0	0	0	0	0	0
t1_163	1	0	0	0	0	0	0	0	0	0	0
t1_164	1	0	0	0	0	0	0	0	0	0	0
t1_165	1	0	0	0	0	0	0	0	0	0	0
t1_166	1	0	0	0	0	0	0	0	0	0	0
t1_167	1	0	0	0	0	0	0	0	0	0	0
t1_168	1	0	0	0	0	0	0	0	0	0	0
t1_169	1	0	0	0	0	0	0	0	0	0	0
t1_170	1	0	0	0	0	0	0	0	0	0	0
t1_171	1	0	0	0	0	0	0	0	0	0	0
t1_172	1	0	0	0	0	0	0	0	0	0	0
t1_173	1	0	0	0	0	0	0	0	0	0	0
t1_174	1	0	0	0	0	0	0	0	0	0	0
t1_175	1	0	0	0	0	0	0	0	0	0	0
t1_176	1	0	0	0	0	0	0	0	0	0	0
t1_177	1	0	0	0	0	0	0	0	0	0	0
t1_178	1	0	0	0	0	0	0	0	0	0	0
t1_179	1	0	0	0	0	0	0	0	0	0	0
t1_180	1	0	0	0	0	0	0	0	0	0	0
t1_181	1	0	0	0	0	0	0	0	0	0	0
t1_182	1	0	0	0	0	0	0	0	0	0	0
t1_183	1	0	0	0	0	0	0	0	0	0	0
t1_184	1	0	0	0	0	0	0	0	0	0	0
t1_185	1	0	0	0	0	0	0	0	0	0	0
t1_186	1	0	0	0	0	0	0	0	0	0	0
t1_187	1	0	0	0	0	0	0	0	0	0	0
t1_188	1	0	0	0	0	0	0	0	0	0	0
t1_189	1	0	0	0	0	0	0	0	0	0	0
t1_190	1	0	0	0	0	0	0	0	0	0	0
t1_191	1	0	0	0	0	0	0	0	0	0	0
t1_192	1	0	0	0	0	0	0	0	0	0	0
t1_193	1	0	0	0	0	0	0	0	0	0	0
t1_194	1	0	0	0	0	0	0	0	0	0	0
t1_195	1	0	0	0	0	0	0	0	0	0	0
t1_196	1	0	0	0	0	0	0	0	0	0	0
t1_197	1	0	0	0	0	0	0	0	0	0	0
t1_198	1	0	0	0	0	0	0	0	0	0	0
t1_199	1	0	0	0	0	0	0	0	0	0	0
t1_200	1	0	0	0	0	0	0	0	0	0	0
t1_201	1	0	0	0	0	0	0	0	0	0	0
t1_202	1	0	0	0	0	0	0	0	0	0	0
t1_203	1	0	0	0	0	0	0	0	0	0	0
t1_204	1	0	0	0	0	0	0	0	0	0	0
t1_205	1	0	0	0	0	0	0	0	0	0	0
t1_206	1	0	0	0	0	0	0	0	0	0	0
t1_207	1	0	0	0	0	0	0	0	0	0	0
t1_208	1	0	0	0	0	0	0	0	0	0	0
t1_209	1	0	0	0	0	0	0	0	0	0	0
t1_210	1	0	0	0	0	0	0	0	0	0	0
t1_211	1	0	0	0	0	0	0	0	0	0	0
t1_212	1	0	0	0	0	0	0	0	0	0	0
t1_213	1	0	0	0	0	0	0	0	0	0	0
t1_214	1	0	0	0	0	0	0	0	0	0	0
t1_215	1	0	0	0	0	0	0	0	0	0	0
t1_216	1	0	0	0	0	0	0	0	0	0	0
t1_217	1	0	0	0	0	0	0	0	0	0	0
t1_218	1	0	0	0	0	0	0	0	0	0	0
t1_219	1	0	0	0	0	0	0	0	0	0	0
t1_220	1	0	0	0	0	0	0	0	0	0	0
t1_221	1	0	0	0	0	0	0	0	0	0	0
t1_222	1	0	0	0	0	0	0	0	0	0	0
t1_223	1	0	0	0	0	0	0	0	0	0	0
t1_224	1	0	0	0	0	0	0	0	0	0	0
t1_225	1	0	0	0	0	0	0	0	0	0	0
t1_226	1	0	0	0	0	0	0	0	0	0	0
t1_227	1	0	0	0	0	0	0	0	0	0	0
t1_228	1	0	0	0	0	0	0	0	0	0	0
t1_229	1	0	0	0	0	0	0	0	0	0	0
t1_230	1	0	0	0	0	0	0	0	0	0	0
t1_231	1	0	0	0	0	0	0	0	0	0	0
t1_232	1	0	0	0	0	0	0	0	0	0	0
t1_233	1	0	0	0	0	0	0	0	0	0	0
t1_234	1	0	0	0	0	0	0	0	0	0	0
t1_235	1	0	0	0	0	0	0	0	0	0	0
t1_236	1	0	0	0	0	0	0	0	0	0	0
t1_237	1	0	0	0	0	0	0	0	0	0	0
t1_238	1	0	0	0	0	0	0	0	0	0	0
t1_239	1	0	0	0	0	0	0	0	0	0	0
t1_240	1	0	0	0	0	0	0	0	0	0	0
t1_241	1	0	0	0	0	0	0	0	0	0	0
t1_242	1	0	0	0	0	0	0	0	0	0	0
t1_243	1	0	0	0	0	0	0	0	0	0	0
t1_244	1	0	0	0	0	0	0	0	0	0	0
t1_245	1	0	0	0	0	0	0	0	0	0	0
t1_246	1	0	0	0	0	0	0	0	0	0	0
t1_247	1	0	0	0	0	0	0	0	0	0	0
t1_248	1	0	0	0	0	0	0	0	0	0	0
t1_249	1	0	0	0	0	0	0	0	0	0	0
t1_250	1	0	0	0	0	0	0	0	0	0	0
t1_251	1	0	0	0	0	0	0	0	0	0	0
t1_252	1	0	0	0	0	0	0	0	0	0	0
t1_253	1	0	0	0	0	0	0	0	0	0	0
t1_254	1	0	0	0	0	0	0	0	0	0	0
t1_255	1	0	0	0	0	0	0	0	0	0	0
t1_256	1	0	0	0	0	0	0	0	0	0	0
t1_257	1	0	0	0	0	0	0	0	0	0	0
t1_258	1	0	0	0	0	0	0	0	0	0	0
t1_259	1	0	0	0	0	0	0	0	0	0	0
t1_260	1	0	0	0	0	0	0	0	0	0	0
t1_261	1	0	0	0	0	0	0	0	0	0	0
t1_262	1	0	0	0	0	0	0	0	0	0	0
t1_263	1	0	0	0	0	0	0	0	0	0	0
t1_264	1	0	0	0	0	0	0	0	0	0	0
t1_265	1	0	0	0	0	0	0	0	0	0	0
t1_266	1	0	0	0	0	0	0	0	0	0	0
t1_267	1	0	0	0	0	0	0	0	0	0	0
t1_268	1	0	0	0	0	0	0	0	0	0	0
t1_269	1	0	0	0	0	0	0	0	0	0	0
t1_270	1	0	0	0	0	0	0	0	0	0	0
t1_271	1	0	0	0	0	0	0	0	0	0	0
t1_272	1	0	0	0	0	0	0	0	0	0	0
t1_273	1	0	0	0	0	0	0	0	0	0	0
t1_274	1	0	0	0	0	0	0	0	0	0	0
t1_275	1	0	0	0	0	0	0	0	0	0	0
t1_276	1	0	0	0	0	0	0	0	0	0	0
t1_277	1	0	0	0	0	0	0	0	0	0	0
t1_278	1	0	0	0	0	0	0	0	0	0	0
t1_279	1	0	0	0	0	0	0	0	0	0	0
t1_280	1	0	0	0	0	0	0	0	0	0	0
t1_281	1	0	0	0	0	0	0	0	0	0	0
t1_282	1	0	0	0	0	0	0	0	0	0	0
t1_283	1	0	0	0	0	0	0	0	0	0	0
t1_284	1	0	0	0	0	0	0	0	0	0	0
t1_285	1	0	0	0	0	0	0	0	0	0	0
t1_286	1	0	0	0	0	0	0	0	0	0	0
t1_287	1	0	0	0	0	0	0	0	0	0	0
t1_288	1	0	0	0	0	0	0	0	0	0	0
t1_289	1	0	0	0	0	0	0	0	0	0	0
t1_290	1	0	0	0	0	0	0	0	0	0	0
t1_291	1	0	0	0	0	0	0	0	0	0	0
t1_292	1	0	0	0	0	0	0	0	0	0	0
t1_293	1	0	0	0	0	0	0	0	0	0	0
t1_294	1	0	0	0	0	0	0	0	0	0	0
t1_295	1	0	0	0	0	0	0	0	0	0	0
t1_296	1	0	0	0	0	0	0	0	0	0	0
t1_297	1	0	0	0	0	0	0	0	0	0	0
t1_298	1	0	0	0	0	0	0	0	0	0	0
t1_299	1	0	0	0	0	0	0	0	0	0	0
t1_300	1	0	0	0	0	0	0	0	0	0	0
t1_301	1	0	0	0	0	0	0	0	0	0	0
t1_302	1	0	0	0	0	0	0	0	0	0	0
t1_303	1	0	0	0	0	0	0	0	0	0	0
t1_304	1	0	0	0	0	0	0	0	0	0	0
t1_305	1	0	0	0	0	0	0	0	0	0	0
t1_306	1	0	0	0	0	0	0	0	0	0	0
t1_307	1	0	0	0	0	0	0	0	0	0	0
t1_308	1	0	0	0	0	0	0	0	0	0	0
t1_309	1	0	0	0	0	0	0	0	0	0	0
t1_310	1	0	0	0	0	0	0	0	0	0	0
t1_311	1	0	0	0	0	0	0	0	0	0	0
t1_312	1	0	0	0	0	0	0	0	0	0	0
t1_313	1	0	0	0	0	0	0	0	0	0	0
t1_314	1	0	0	0	0	0	0	0	0	0	0
t1_315	1	0	0	0	0	0	0	0	0	0	0
t1_316	1	0	0	0	0	0	0	0	0	0	0
t1_317	1	0	0	0	0	0	0	0	0	0	0
t1_318	1	0	0	0	0	0	0	0	0	0	0
t1_319	1	0	0	0	0	0	0	0	0	0	0
t1_320	1	0	0	0	0	0	0	0	0	0	0
t1_321	1	0	0	0	0	0	0	0	0	0	0
t1_322	1	0	0	0	0	0	0	0	0	0	0
t1_323	1	0	0	0	0	0	0	0	0	0	0
t1_324	1	0	0	0	0	0	0	0	0	0	0
t1_325	1	0	0	0	0	0	0	0	0	0	0
t1_326	1	0	0	0	0	0	0	0	0	0	0
t1_327	1	0	0	0	0	0	0	0	0	0	0
t1_328	1	0	0	0	0	0	0	0	0	0	0
t1_329	1	0	0	0	0	0	0	0	0	0	0
t1_330	1	0	0	0	0	0	0	0	0	0	0
t1_331	1	0	0	0	0	0	0	0	0	0	0
t1_332	1	0	0	0	0	0	0	0	0	0	0
t1_333	1	0	0	0	0	0	0	0	0	0	0
t1_334	1	0	0	0	0	0	0	0	0	0	0
t1_335	1	0	0	0	0	0	0	0	0	0	0
t1_336	1	0	0	0	0	0	0	0	0	0	0
t1_337	1	0	0	0	0	0	0	0	0	0	0
t1_338	1	0	0	0	0	0	0	0	0	0	0
t1_339	1	0	0	0	0	0	0	0	0	0	0
t1_340	1	0	0	0	0	0	0	0	0	0	0
t1_341	1	0	0	0	0	0	0	0	0	0	0
t1_342	1	0	0	0	0	0	0	0	0	0	0
t1_343	1	0	0	0	0	0	0	0	0	0	0
t1_344	1	0	0	0	0	0	0	0	0	0	0
t1_345	1	0	0	0	0	0	0	0	0	0	0
t1_346	1	0	0	0	0	0	0	0	0	0	0
t1_347	1	0	0	0	0	0	0	0	0	0	0
t1_348	1	0	0	0	0	0	0	0	0	0	0
t1_349	1	0	0	0	0	0	0	0	0	0	0
t1_350	1	0	0	0	0	0	0	0	0	0	0
t1_351	1	0	0	0	0	0	0	0	0	0	0
t1_352	1	0	0	0	0	0	0	0	0	0	0
t1_353	1	0	0	0	0	0	0	0	0	0	0
t1_354	1	0	0	0	0	0	0	0	0	0	0
t1_355	1	0	0	0	0	0	0	0	0	0	0
t1_356	1	0	0	0	0	0	0	0	0	0	0
t1_357	1	0	0	0	0	0	0	0	0	0	0
t1_358	1	0	0	0	0	0	0	0	0	0	0
t1_359	1	0	0	0	0	0	0	0	0	0	0
t1_360	1	0	0	0	0	0	0	0	0	0	0
t1_361	1	0	0	0	0	0	0	0	0	0	0
t1_362	1	0	0	0	0	0	0	0	0	0	0
t1_363	1	0	0	0	0	0	0	0	0	0	0
t1_364	1	0	0	0	0	0	0	0	0	0	0
t1_365	1	0	0	0	0	0	0	0	0	0	0
t1_366	1	0	0	0	0	0	0	0	0	0	0
t1_367	1	0	0	0	0	0	0	0	0	0	0
t1_368	1	0	0	0	0	0	0	0	0	0	0
t1_369	1	0	0	0	0	0	0	0	0	0	0
t1_370	1	0	0	0	0	0	0	0	0	0	0
t1_371	1	0	0	0	0	0	0	0	0	0	0
t1_372	1	0	0	0	0	0	0	0	0	0	0
t1_373	1	0	0	0	0	0	0	0	0	0	0
t1_374	1	0	0	0	0	0	0	0	0	0	0
t1_375	1	0	0	0	0	0	0	0	0	0	0
t1_376	1	0	0	0	0	0	0	0	0	0	0
t1_377	1	0	0	0	0	0	0	0	0	0	0
t1_378	1	0	0	0	0	0	0	0	0	0	0
t1_379	1	0	0	0	0	0	0	0	0	0	0
t1_380	1	0	0	0	0	0	0	0	0	0	0
t1_381	1	0	0	0	0	0	0	0	0	0	0
t1_382	1	0	0	0	0	0	0	0	0	0	0
t1_383	1	0	0	0	0	0	0	0	0	0	0
t1_384	1	0	0	0	0	0	0	0	0	0	0
t1_385	1	0	0	0	0	0	0	0	0	0	0
t1_386	1	0	0	0	0	0	0	0	0	0	0
t1_387	1	0	0	0	0	0	0	0	0	0	0
t1_388	1	0	0	0	0	0	0	0	0	0	0
t1_389	1	0	0	0	0	0	0	0	0	0	0
t1_390	1	0	0	0	0	0	0	0	0	0	0
t1_391	1	0	0	0	0	0	0	0	0	0	0
t1_392	1	0	0	0	0	0	0	0	0	0	0
t1_393	1	0	0	0	0	0	0	0	0	0	0
t1_394	1	0	0	0	0	0	0	0	0	0	0
t1_395	1	0	0	0	0	0	0	0	0	0	0
t1_396	1	0	0	0	0	0	0	0	0	0	0
t1_397	1	0	0	0	0	0	0	0	0	0	0
t1_398	1	0	0	0	0	0	0	0	0	0	0
t1_399	1	0	0	0	0	0	0	0	0	0	0
t1_400	1	0	0	0	0	0	0	0	0	0	0
t1_401	1	0	0	0	0	0	0	0	0	0	0
t1_402	1	0	0	0	0	0	0	0	0	0	0
t1_403	1	0	0	0	0	0	0	0	0	0	0
t1_404	1	0	0	0	0	0	0	0	0	0	0
t1_405	1	0	0	0	0	0	0	0	0	0	0
t1_406	1	0	0	0	0	0	0	0	0	0	0
t1_407	1	0	0	0	0	0	0	0	0	0	0
t1_408	1	0	0	0	0	0	0	0	0	0	0
t1_409	1	0	0	0	0	0	0	0	0	0	0
t1_410	1	0	0	0	0	0	0	0	0	0	0
t1_411	1	0	0	0	0	0	0	0	0	0	0
t1_412	1	0	0	0	0	0	0	0	0	0	0
t1_413	1	0	0	0	0	0	0	0	0	0	0
t1_414	1	0	0	0	0	0	0	0	0	0	0
t1_415	1	0	0	0	0	0	0	0	0	0	0
t1_416	1	0	0	0	0	0	0	0	0	0	0
t1_417	1	0	0	0	0	0	0	0	0	0	0
t1_418	1	0	0	0	0	0	0	0	0	0	0
t1_419	1	0	0	0	0	0	0	0	0	0	0
t1_420	1	0	0	0	0	0	0	0	0	0	0
t1_421	1	0	0	0	0	0	0	0	0	0	0
t1_422	1	0	0	0	0	0	0	0	0	0	0
t1_423	1	0	0	0	0	0	0	0	0	0	0
t1_424	1	0	0	0	0	0	0	0	0	0	0
t1_425	1	0	0	0	0	0	0	0	0	0	0
t1_426	1	0	0	0	0	0	0	0	0	0	0
t1_427	1	0	0	0	0	0	0	0	0	0	0
t1_428	1	0	0	0	0	0	0	0	0	0	0
t1_429	1	0	0	0	0	0	0	0	0	0	0
t1_430	1	0	0	0	0	0	0	0	0	0	0
t1_431	1	0	0	0	0	0	0	0	0	0	0
t1_432	1	0	0	0	0	0	0	0	0	0	0
t1_433	1	0	0	0	0	0	0	0	0	0	0
t1_434	1	0	0	0	0	0	0	0	0	0	0
t1_435	1	0	0	0	0	0	0	0	0	0	0
t1_436	1	0	0	0	0	0	0	0	0	0	0
t1_437	1	0	0	0	0	0	0	0	0	0	0
t1_438	1	0	0	0	0	0	0	0	0	0	0
t1_439	1	0	0	0	0	0	0	0	0	0	0
t1_440	1	0	0	0	0	0	0	0	0	0	0
t1_441	1	0	0	0	0	0	0	0	0	0	0
t1_442	1	0	0	0	0	0	0	0	0	0	0
t1_443	1	0	0	0	0	0	0	0	0	0	0
t1_444	1	0	0	0	0	0	0	0	0	0	0
t1_445	1	0	0	0	0	0	0	0	0	0	0
t1_446	1	0	0	0	0	0	0	0	0	0	0
t1_447	1	0	0	0	0	0	0	0	0	0	0
t1_448	1	0	0	0	0	0	0	0	0	0	0
t1_449	1	0	0	0	0	0	0	0	0	0	0
t1_450	1	0	0	0	0	0	0	0	0	0	0
t1_451	1	0	0	0	0	0	0	0	0	0	0
t1_452	1	0	0	0	0	0	0	0	0	0	0
t1_453	1	0	0	0	0	0	0	0	0	0	0
t1_454	1	0	0	0	0	0	0	0	0	0	0
t1_455	1	0	0	0	0	0	0	0	0	0	0
t1_456	1	0	0	0	0	0	0	0	0	0	0
t1_457	1	0	0	0	0	0	0	0	0	0	0
t1_458	1	0	0	0	0	0	0	0	0	0	0
t1_459	1	0	0	0	0	0	0	0	0	0	0
t1_460	1	0	0	0	0	0	0	0	0	0	0
t1_461	1	0	0	0	0	0	0	0	0	0	0
t1_462	1	0	0	0	0	0	0	0	0	0	0
t1_463	1	0	0	0	0	0	0	0	0	0	0
t1_464	1	0	0	0	0	0	0	0	0	0	0
t1_465	1	0	0	0	0	0	0	0	0	0	0
t1_466	1	0	0	0	0	0	0	0	0	0	0
t1_467	1	0	0	0	0	0	0	0	0	0	0
t1_468	1	0	0	0	0	0	0	0	0	0	0
t1_469	1	0	0	0	0	0	0	0	0	0	0
t1_470	1	0	0	0	0	0	0	0	0	0	0
t1_471	1	0	0	0	0	0	0	0	0	0	0
t1_472	1	0	0	0	0	0	0	0	0	0	0
t1_473	1	0	0	0	0	0	0	0	0	0	0
t1_474	1	0	0	0	0	0	0	0	0	0	0
t1_475	1	0	0	0	0	0	0	0	0	0	0
t1_476	1	0	0	0	0	0	0	0	0	0	0
t1_477	1	0	0	0	0	0	0	0	0	0	0
t1_478	1	0	0	0	0	0	0	0	0	0	0
t1_479	1	0	0	0	0	0	0	0	0	0	0
t1_480	1	0	0	0	0	0	0	0	0	0	0
t1_481	1	0	0	0	0	0	0	0	0	0	0
t1_482	1	0	0	0	0	0	0	0	0	0	0
t1_483	1	0	0	0	0	0	0	0	0	0	0
t1_484	1	0	0	0	0	0	0	0	0	0	0
t1_485	1	0	0	0	0	0	0	0	0	0	0
t1_486	1	0	0	0	0	0	0	0	0	0	0
t1_487	1	0	0	0	0	0	0	0	0	0	0
t1_488	1	0	0	0	0	0	0	0	0	0	0
t1_489	1	0	0	0	0	0	0	0	0	0	0
t1_490	1	0	0	0	0	0	0	0	0	0	0
t1_491	1	0	0	0	0	0	0	0	0	0	0
t1_492	1	0	0	0	0	0	0	0	0	0	0
t1_493	1	0	0	0	0	0	0	0	0	0	0
t1_494	1	0	0	0	0	0	0	0	0	0	0
t1_495	1	0	0	0	0	0	0	0	0	0	0
t1_496	1	0	0	0	0	0	0	0	0	0	0
t1_497	1	0	0	0	0	0	0	0	0	0	0
t1_498	1	0	0	0	0	0	0	0	0	0	0
t1_499	1	0	0	0	0	0	0	0	0	0	0
t1_500	1	0	0	0	0	0	0	0	0	0	0
t1_501	1	0	0	0	0	0	0	0	0	0	0
t1_502	1	0	0	0	0	0	0	0	0	0	0
t1_503	1	0	0	0	0	0	0	0	0	0	0
t1_504	1	0	0	0	0	0	0	0	0	0	0
t1_505	1	0	0	0	0	0	0	0	0	0	0
t1_506	1	0	0	0	0	0	0	0	0	0	0
t1_507	1	0	0	0	0	0	0	0	0	0	0
t1_508	1	0	0	0	0	0	0	0	0	0	0
t1_509	1	0	0	0	0	0	0	0	0	0	0
t1_510	1	0	0	0	0	0	0	0	0	0	0
t1_511	1	0	0	0	0	0	0	0	0	0	0
t1_512	1	0	0	0	0	0	0	0	0	0	0
t1_513	1	0	0	0	0	0	0	0	0	0	0
t1_514	1	0	0	0	0	0	0	0	0	0	0
t1_515	1	0	0	0	0	0	0	0	0	0	0
t1_516	1	0	0	0	0	0	0	0	0	0	0
t1_517	1	0	0	0	0	0	0	0	0	0	0
t1_518	1	0	0	0	0	0	0	0	0	0	0
t1_519	1	0	0	0	0	0	0	0	0	0	0
t1_520	1	0	0	0	0	0	0	0	0	0	0
t1_521	1	0	0	0	0	0	0	0	0	0	0
t1_522	1	0	0	0	0	0	0	0	0	0	0
t1_523	1	0	0	0	0	0	0	0	0	0	0
t1_524	1	0	0	0	0	0	0	0	0	0	0
t1_525	1	0	0	0	0	0	0	0	0	0	0
t1_526	1	0	0	0	0	0	0	0	0	0	0
t1_527	1	0	0	0	0	0	0	0	0	0	0
t1_528	1	0	0	0	0	0	0	0	0	0	0
t1_529	1	0	0	0	0	0	0	0	0	0	0
t1_530	1	0	0	0	0	0	0	0	0	0	0
t1_531	1	0	0	0	0	0	0	0	0	0	0
t1_532	1	0	0	0	0	0	0	0	0	0	0
t1_533	1	0	0	0	0	0	0	0	0	0	0
t1_534	1	0	0	0	0	0	0	0	0	0	0
t1_535	1	0	0	0	0	0	0	0	0	0	0
t1_536	1	0	0	0	0	0	0	0	0	0	0
t1_537	1	0	0	0	0	0	0	0	0	0	0
t1_538	1	0	0	0	0	0	0	0	0	0	0
t1_539	1	0	0	0	0	0	0	0	0	0	0
t1_540	1	0	0	0	0	0	0	0	0	0	0
t1_541	1	0	0	0	0	0	0	0	0	0	0
t1_542	1	0	0	0	0	0	0	0	0	0	0
t1_543	1	0	0	0	0	0	0	0	0	0	0
t1_544	1	0	0	0	0	0	0	0	0	0	0
t1_545	1	0	0	0	0	0	0	0	0	0	0
t1_546	1	0	0	0	0	0	0	0	0	0	0
t1_547	1	0	0	0	0	0	0	0	0	0	0
t1_548	1	0	0	0	0	0	0	0	0	0	0
t1_549	1	0	0	0	0	0	0	0	0	0	0
t1_550	1	0	0	0	0	0	0	0	0	0	0
t1_551	1	0	0	0	0	0	0	0	0	0	0
t1_552	1	0	0	0	0	0	0	0	0	0	0
t1_553	1	0	0	0	0	0	0	0	0	0	0
t1_554	1	0	0	0	0	0	0	0	0	0	0
t1_555	1	0	0	0	0	0	0	0	0	0	0
t1_556	1	0	0	0	0	0	0	0	0	0	0
t1_557	1	0	0	0	0	0	0	0	0	0	0
t1_558	1	0	0	0	0	0	0	0	0	0	0
t1_559	1	0	0	0	0	0	0	0	0	0	0
t1_560	1	0	0	0	0	0	0	0	0	0	0
t1_561	1	0	0	0	0	0	0	0	0	0	0
t1_562	1	0	0	0	0	0	0	0	0	0	0
t1_563	1	0	0	0	0	0	0	0	0	0	0
t1_564	1	0	0	0	0	0	0	0	0	0	0
t1_565	1	0	0	0	0	0	0	0	0	0	0
t1_566	1	0	0	0	0	0	0	0	0	0	0
t1_567	1	0	0	0	0	0	0	0	0	0	0
t1_568	1	0	0	0	0	0	0	0	0	0	0
t1_569	1	0	0	0	0	0	0	0	0	0	0
t1_570	1	0	0	0	0	0	0	0	0	0	0
t1_571	1	0	0	0	0	0	0	0	0	0	0
t1_572	1	0	0	0	0	0	0	0	0	0	0
t1_573	1	0	0	0	0	0	0	0	0	0	0
t1_574	1	0	0	0	0	0	0	0	0	0	0
t1_575	1	0	0	0	0	0	0	0	0	0	0
t1_576	1	0	0	0	0	0	0	0	0	0	0
t1_577	1	0	0	0	0	0	0	0	0	0	0
t1_578	1	0	0	0	0	0	0	0	0	0	0
t1_579	1	0	0	0	0	0	0	0	0	0	0
t1_580	1	0	0	0	0	0	0	0	0	0	0
t1_581	1	0	0	0	0	0	0	0	0	0	0
t1_582	1	0	0	0	0	0	0	0	0	0	0
t1_583	1	0	0	0	0	0	0	0	0	0	0
t1_584	1	0	0	0	0	0	0	0	0	0	0
t1_585	1	0	0	0	0	0	0	0	0	0	0
t1_586	1	0	0	0	0	0	0	0	0	0	0
t1_587	1	0	0	0	0	0	0	0	0	0	0
t1_588	1	0	0	0	0	0	0	0	0	0	0
t1_589	1	0	0	0	0	0	0	0	0	0	0
t1_590	1	0	0	0	0	0	0	0	0	0	0
t1_591	1	0	0	0	0	0	0	0	0	0	0
t1_592	1	0	0	0	0	0	0	0	0	0	0
t1_593	1	0	0	0	0	0	0	0	0	0	0
t1_594	1	0	0	0	0	0	0	0	0	0	0
t1_595	1	0	0	0	0	0	0	0	0	0	0
t1_596	1	0	0	0	0	0	0	0	0	0	0
t1_597	1	0	0	0	0	0	0	0	0	0	0
t1_598	1	0	0	0	0	0	0	0	0	0	0
t1_599	1	0	0	0	0	0	0	0	0	0	0
t1_600	1	0	0	0	0	0	0	0	0	0	0
t2_1	1	0	1	0	0	0	0	0	0	0	0
t2_2	1	0	1	0	0	0	0	0	0	0	0
t2_3	1	0	0	0	0	0	0	0	0	0	0
t2_4	1	0	1	0	0	0	0	0	0	0	0
t2_5	1	1	0	0	0	0	0	0	0	0	0
t2_6	1	1	0	0	0	0	0	0	0	0	0
t2_7	1	1	0	0	0	0	0	0	0	0	0
t2_8	1	0	0	0	0	0	0	0	0	0	0
t2_9	1	1	0	0	0	0	0	0	0	0	0
t2_10	1	1	0	0	0	0	0	0	0	0	0
t2_11	1	0	1	0	0	0	0	0	0	0	0
t2_12	1	0	1	0	0	0	0	0	0	0	0
t2_13	1	0	1	0	0	0	0	0	0	0	0
t2_14	1	1	0	0	0	0	0	0	0	0	0
t2_15	1	1	0	1	0	0	0	0	0	0	0
t2_16	1	0	0	0	0	0	0	0	0	0	0
t2_17	1	1	0	0	0	0	0	0	0	0	0
t2_18	1	0	1	0	0	0	0	0	0	0	0
t2_19	1	0	1	0	0	0	0	0	0	0	0
t2_20	1	0	0	0	0	0	0	0	0	0	0
t2_21	1	1	0	0	0	0	0	0	0	0	0
t2_22	1	1	0	0	0	0	0	0	0	0	0
t2_23	1	1	0	1	0	0	0	0	0	0	0
t2_24	1	0	0	0	0	0	0	0	0	0	0
t2_25	1	0	1	0	0	0	0	0	0	0	0
t2_26	1	0	0	0	0	0	0	0	0	0	0
t2_27	1	1	0	0	0	0	0	0	0	0	0
t2_28	1	1	0	0	0	0	0	0	0	0	0
t2_29	1	0	1	0	0	0	0	0	0	0	0
t2_30	1	0	1	0	0	0	0	0	0	0	0
t2_31	1	0	0	0	0	0	0	0	0	0	0
t2_32	1	1	0	0	0	0	0	0	0	0	0
t2_33	1	0	1	0	0	0	0	0	0	0	0
t2_34	1	0	0	0	0	0	0	0	0	0	0
t2_35	1	0	0	0	0	0	0	0	0	0	0
t2_36	1	0	0	0	0	0	0	0	0	0	0
t2_37	1	0	1	0	0	0	0	0	0	0	0
t2_38	1	0	0	0	0	0	0	0	0	0	0
t2_39	1	1	0	0	0	0	0	0	0	0	0
t2_40	1	0	1	0	0	0	0	0	0	0	0
t2_41	1	1	0	0	0	0	0	0	0	0	0
t2_42	1	1	0	0	0	0	0	0	0	0	0
t2_43	1	1	0	0	0	0	0	0	0	0	0
t2_44	1	0	1	0	0	0	0	0	0	0	0
t2_45	1	0	0	0	0	0	0	0	0	0	0
t2_46	1	0	0	0	0	0	0	0	0	0	0
t2_47	1	1	0	0	0	0	0	0	0	0	0
t2_48	1	1	0	0	0	0	0	0	0	0	0
t2_49	1	0	1	0	0	0	0	0	0	0	0
t2_50	1	1	0	0	0	0	0	0	0	0	0
t2_51	1	0	0	0	0	0	0	0	0	0	0
t2_52	1	0	0	0	0	0	0	0	0	0	0
t2_53	1	0	1	0	0	0	0	0	0	0	0
t2_54	1	0	1	0	0	0	0	0	0	0	0
t2_55	1	0	0	0	0	0	0	0	0	0	0
t2_56	1	0	1	0	0	0	0	0	0	0	0
t2_57	1	0	1	0	0	0	0	0	0	0	0
t2_58	1	0	1	0	0	0	0	0	0	0	0
t2_59	1	0	0	0	0	0	0	0	0	0	0
t2_60	1	0	1	0	0	0	0	0	0	0	0
t2_61	1	0	0	0	0	0	0	0	0	0	0
t2_62	1	0	0	0	0	0	0	0	0	0	0
t2_63	1	0	0	0	0	0	0	0	0	0	0
t2_64	1	0	0	0	0	0	0	0	0	0	0
t2_65	1	0	1	0	0	0	0	0	0	0	0
t2_66	1	1	0	0	0	0	0	0	0	0	0
t2_67	1	1	0	0	0	0	0	0	0	0	0
t2_68	1	1	0	0	0	0	0	0	0	0	0
t2_69	1	1	0	0	0	0	0	0	0	0	0
t2_70	1	1	0	0	0	0	0	0	0	0	0
t2_71	1	0	1	0	0	0	0	0	0	0	0
t2_72	1	0	0	0	0	0	0	0	0	0	0
t2_73	1	1	0	0	0	0	0	0	0	0	0
t2_74	1	1	0	0	0	0	0	0	0	0	0
t2_75	1	0	0	0	0	0	0	0	0	0	0
t2_76	1	0	0	0	0	0	0	0	0	0	0
t2_77	1	0	1	0	0	0	0	0	0	0	0
t2_78	1	0	1	0	0	0	0	0	0	0	0
t2_79	1	1	0	0	0	0	0	0	0	0	0
t2_80	1	0	0	0	0	0	0	0	0	0	0
t2_81	1	1	0	0	0	0	0	0	0	0	0
t2_82	1	0	0	0	0	0	0	0	0	0	0
t2_83	1	1	0	0	0	0	0	0	0	0	0
t2_84	1	0	0	0	0	0	0	0	0	0	0
t2_85	1	0	1	0	0	0	0	0	0	0	0
t2_86	1	0	0	0	0	0	0	0	0	0	0
t2_87	1	1	0	0	0	0	0	0	0	0	0
t2_88	1	1	0	0	0	0	0	0	0	0	0
t2_89	1	0	1	0	0	0	0	0	0	0	0
t2_90	1	0	1	0	0	0	0	0	0	0	0
t2_91	1	1	0	0	0	0	0	0	0	0	0
t2_92	1	0	0	0	0	0	0	0	0	0	0
t2_93	1	0	1	0	0	0	0	0	0	0	0
t2_94	1	1	0	0	0	0	0	0	0	0	0
t2_95	1	1	0	0	0	0	0	0	0	0	0
t2_96	1	1	0	0	0	0	0	0	0	0	0
t2_97	1	0	0	0	0	0	0	0	0	0	0
t2_98	1	1	0	0	0	0	0	0	0	0	0
t2_99	1	0	1	0	0	0	0	0	0	0	0
t2_100	1	0	0	0	0	0	0	0	0	0	0
t3_1	1	1	0	1	0	0	0	0	0	0	0
t3_2	1	1	0	0	0	1	0	0	0	0	0
t3_3	1	1	0	1	0	0	0	0	0	0	0
t3_4	1	1	0	0	0	1	0	0	0	0	0
t3_5	1	0	0	0	0	0	1	0	0	0	0
t3_6	1	1	0	1	0	0	0	0	0	1	0
t3_7	1	1	0	0	0	1	0	0	0	0	0
t3_8	1	1	0	1	0	0	0	0	0	1	0
t3_9	1	1	0	0	0	0	0	0	0	0	0
t3_10	1	1	0	0	0	0	0	1	0	0	0
t3_11	1	1	0	1	0	0	0	0	0	0	0
t3_12	1	0	1	0	0	0	0	0	0	0	0
t3_13	1	1	0	0	1	0	0	0	0	0	0
t3_14	1	0	1	0	0	0	0	0	0	0	0
t3_15	1	1	0	0	0	0	0	0	1	0	0
t3_16	1	0	1	0	0	0	0	0	0	0	0
t3_17	1	1	0	0	1	0	0	0	0	0	0
t3_18	1	1	0	1	0	0	0	0	0	0	1
t3_19	1	1	0	0	0	1	0	0	0	0	0
t3_20	1	0	0	0	0	0	1	0	0	0	0
t3_21	1	1	0	1	0	0	0	0	0	1	0
t3_22	1	1	0	1	0	0	0	0	0	1	0
t3_23	1	1	0	1	0	0	0	0	0	0	1
t3_24	1	1	0	0	1	0	0	0	0	0	0
t3_25	1	1	0	0	0	1	0	0	0	0	0
t3_26	1	0	0	0	0	0	1	0	0	0	0
t3_27	1	1	0	1	0	0	0	0	0	1	0
t3_28	1	0	0	0	0	0	1	0	0	0	0
t3_29	1	1	0	0	0	0	0	1	0	0	0
t3_30	1	1	0	0	1	0	0	0	0	0	0
t3_31	1	1	0	1	0	0	0	0	0	1	0
t3_32	1	1	0	0	0	1	0	0	0	0	0
t3_33	1	1	0	0	0	1	0	0	0	0	0
t3_34	1	1	0	0	0	0	0	0	0	0	0
t3_35	1	1	0	1	0	0	0	0	0	0	0
t3_36	1	1	0	1	0	0	0	0	0	1	0
t3_37	1	1	0	0	1	0	0	0	0	0	0
t3_38	1	1	0	0	0	0	0	0	1	0	0
t3_39	1	1	0	1	0	0	0	0	0	0	0
t3_40	1	1	0	0	0	0	0	0	1	0	0
t3_41	1	0	0	0	0	0	1	0	0	0	0
t3_42	1	0	0	0	0	0	1	0	0	0	0
t3_43	1	1	0	1	0	0	0	0	0	0	1
t3_44	1	1	0	0	1	0	0	0	0	0	0
t3_45	1	1	0	1	0	0	0	0	0	0	1
t3_46	1	1	0	1	0	0	0	0	0	1	0
t3_47	1	1	0	1	0	0	0	0	0	1	0
t3_48	1	1	0	1	0	0	0	0	0	0	0
t3_49	1	1	0	0	0	1	0	0	0	0	0
t3_50	1	1	0	1	0	0	0	0	0	0	1
t3_51	1	1	0	0	0	0	0	0	1	0	0
t3_52	1	1	0	0	0	1	0	0	0	0	0
t3_53	1	1	0	1	0	0	0	0	0	0	0
t3_54	1	1	0	1	0	0	0	0	0	1	0
t3_55	1	1	0	0	0	1	0	0	0	0	0
t3_56	1	1	0	1	0	0	0	0	0	1	0
t3_57	1	1	0	0	0	1	0	0	0	0	0
t3_58	1	1	0	0	0	0	0	0	1	0	0
t3_59	1	1	0	0	0	1	0	0	0	0	0
t3_60	1	0	0	0	0	0	0	0	0	0	0
t3_61	1	1	0	1	0	0	0	0	0	0	0
t3_62	1	1	0	1	0	0	0	0	0	0	0
t3_63	1	1	0	0	0	0	0	0	1	0	0
t3_64	1	0	0	0	0	0	1	0	0	0	0
t3_65	1	0	0	0	0	0	1	0	0	0	0
t3_66	1	1	0	1	0	0	0	0	0	0	0
t3_67	1	1	0	1	0	0	0	0	0	0	0
t3_68	1	1	0	1	0	0	0	0	0	0	0
t3_69	1	1	0	0	0	0	0	0	1	0	0
t3_70	1	1	0	1	0	0	0	0	0	0	0
t3_71	1	1	0	1	0	0	0	0	0	0	1
t3_72	1	1	0	1	0	0	0	0	0	0	1
t3_73	1	1	0	0	0	0	0	0	1	0	0
t3_74	1	1	0	1	0	0	0	0	0	0	0
t3_75	1	1	0	1	0	0	0	0	0	0	1
t3_76	1	1	0	0	0	0	0	1	0	0	0
t3_77	1	1	0	0	1	0	0	0	0	0	0
t3_78	1	0	0	0	0	0	1	0	0	0	0
t3_79	1	0	0	0	0	0	0	0	0	0	0
t3_80	1	0	1	0	0	0	0	0	0	0	0
t3_81	1	1	0	0	1	0	0	0	0	0	0
t3_82	1	1	0	1	0	0	0	0	0	1	0
t3_83	1	1	0	0	0	0	0	0	1	0	0
t3_84	1	1	0	0	0	1	0	0	0	0	0
t3_85	1	1	0	0	0	0	0	0	1	0	0
t3_86	1	1	0	0	0	0	0	0	1	0	0
t3_87	1	1	0	1	0	0	0	0	0	0	0
t3_88	1	1	0	1	0	0	0	0	0	0	0
t3_89	1	1	0	0	1	0	0	0	0	0	0
t3_90	1	1	0	0	0	0	0	1	0	0	0
t3_91	1	1	0	0	0	0	0	0	0	0	0
t3_92	1	1	0	1	0	0	0	0	0	0	1
t3_93	1	1	0	0	0	0	0	0	0	0	0
t3_94	1	1	0	0	0	0	0	0	0	0	0
t3_95	1	1	0	1	0	0	0	0	0	0	0
t3_96	1	1	0	1	0	0	0	0	0	1	0
t3_97	1	1	0	0	1	0	0	0	0	0	0
t3_98	1	1	0	1	0	0	0	0	0	1	0
t3_99	1	1	0	1	0	0	0	0	0	0	0
t3_100	1	1	0	0	0	0	0	1	0	0	0
