	c0	c13402	c43152	c58989	c92658	c100098	c105694	c130348	c163605
t1_1	1	0	0	0	0	0	0	0	0
t1_2	1	0	0	0	0	0	0	0	0
t1_3	1	0	0	0	0	0	0	0	0
t1_4	1	0	0	0	0	0	0	0	0
t1_5	1	0	0	0	0	0	0	0	0
t1_6	0	0	0	0	0	0	0	0	0
t1_7	1	0	0	0	0	0	0	0	0
t1_8	1	0	0	0	0	0	0	0	0
t1_9	1	0	0	0	0	0	0	0	0
t1_10	0	0	0	0	0	0	0	0	0
t1_11	1	0	0	0	0	0	0	0	0
t1_12	1	0	0	0	0	0	0	0	0
t1_13	1	0	0	0	0	0	0	1	0
t1_14	0	0	0	0	0	0	0	0	0
t1_15	1	0	0	0	0	0	0	0	0
t1_16	1	0	0	0	0	0	0	0	0
t1_17	1	0	0	0	0	0	0	0	0
t1_18	1	0	0	0	0	0	0	0	0
t1_19	1	0	0	0	0	0	0	0	0
t1_20	1	0	0	0	0	0	0	0	0
t1_21	0	0	0	0	0	0	0	0	0
t1_22	1	0	0	0	0	0	0	0	0
t1_23	1	0	0	0	0	0	0	0	0
t1_24	1	0	0	0	0	0	0	0	0
t1_25	1	0	0	0	0	0	0	0	0
t1_26	0	0	0	0	0	0	0	0	0
t1_27	1	0	0	0	0	0	0	0	0
t1_28	1	0	0	0	0	0	0	0	0
t1_29	1	0	0	0	0	0	0	0	0
t1_30	1	0	0	0	0	0	0	0	0
t1_31	1	0	0	0	0	0	0	0	0
t1_32	1	0	0	0	0	0	0	0	0
t1_33	1	0	0	0	0	0	0	0	0
t1_34	1	0	0	0	0	0	0	0	1
t1_35	1	0	0	0	0	0	0	0	0
t1_36	1	0	0	0	0	0	0	0	0
t1_37	1	0	0	0	0	0	0	0	0
t1_38	1	0	0	0	0	0	0	0	0
t1_39	1	0	0	0	0	0	0	0	0
t1_40	1	0	0	0	0	0	0	0	0
t1_41	1	0	0	0	0	0	0	0	0
t1_42	1	0	0	0	0	0	0	0	0
t1_43	1	0	0	0	0	0	0	0	0
t1_44	0	0	0	0	0	0	0	0	0
t1_45	1	0	0	0	0	0	0	0	0
t1_46	1	0	0	0	0	0	0	0	0
t1_47	0	0	0	0	0	0	0	0	0
t1_48	1	0	0	0	0	0	0	0	0
t1_49	1	0	0	0	0	0	0	0	0
t1_50	1	0	0	0	0	0	0	0	0
t1_51	1	0	0	0	0	0	0	0	0
t1_52	1	0	0	0	0	0	0	0	0
t1_53	0	0	0	0	0	0	0	0	0
t1_54	1	0	0	0	0	0	0	0	0
t1_55	1	0	0	0	0	0	0	0	0
t1_56	1	0	0	0	0	0	0	0	0
t1_57	1	0	0	0	0	0	0	0	0
t1_58	1	0	0	0	0	0	0	0	1
t1_59	1	0	0	0	0	0	0	0	0
t1_60	1	0	0	0	0	0	0	0	0
t1_61	1	0	0	0	0	0	0	0	1
t1_62	1	0	0	0	0	0	0	0	0
t1_63	1	0	0	0	0	0	0	0	0
t1_64	0	0	0	0	0	0	0	0	0
t1_65	1	0	0	0	0	0	0	0	0
t1_66	1	0	0	0	0	0	0	0	0
t1_67	1	0	0	0	0	0	0	0	0
t1_68	1	0	0	0	0	0	0	0	0
t1_69	1	0	0	0	0	0	0	0	0
t1_70	1	0	0	0	0	0	0	0	0
t1_71	1	0	0	0	0	0	0	0	0
t1_72	1	0	0	0	0	0	0	0	0
t1_73	1	0	0	0	0	0	0	0	0
t1_74	0	0	0	0	0	0	0	0	0
t1_75	1	0	0	0	0	0	0	0	0
t1_76	1	0	0	0	1	0	0	0	0
t1_77	1	0	0	0	0	0	0	0	0
t1_78	1	0	0	1	0	0	0	0	0
t1_79	1	0	0	0	0	0	0	0	0
t1_80	1	0	0	0	0	0	0	0	0
t1_81	1	0	0	0	0	0	0	0	0
t1_82	1	0	0	0	0	0	0	0	0
t1_83	1	0	0	0	0	0	0	0	0
t1_84	1	0	0	0	0	0	0	1	0
t1_85	1	0	0	0	0	0	0	0	0
t1_86	1	0	0	0	0	0	0	0	0
t1_87	1	0	0	0	0	1	0	0	0
t1_88	1	0	0	0	0	0	0	0	0
t1_89	1	0	0	0	0	0	0	0	0
t1_90	1	0	0	0	0	0	0	0	0
t1_91	1	0	0	0	0	0	0	0	0
t1_92	1	0	0	0	0	0	0	0	0
t1_93	1	0	0	0	0	0	0	0	0
t1_94	1	0	0	0	0	0	0	0	0
t1_95	1	0	0	0	0	0	0	0	0
t1_96	1	0	0	0	0	0	0	0	0
t1_97	1	0	0	0	0	0	0	0	0
t1_98	1	0	0	0	0	0	0	0	0
t1_99	1	0	0	0	0	0	0	0	0
t1_100	1	0	0	0	0	0	0	0	0
t1_101	1	0	0	0	0	0	0	0	0
t1_102	0	0	0	0	0	0	0	0	0
t1_103	1	0	0	0	0	0	0	0	0
t1_104	1	0	0	0	0	0	0	0	0
t1_105	1	0	0	0	0	0	0	0	0
t1_106	1	0	0	0	0	0	0	0	0
t1_107	1	0	0	0	0	0	0	0	0
t1_108	1	0	0	0	0	0	0	0	0
t1_109	1	0	0	0	0	0	0	0	0
t1_110	1	0	0	0	0	0	0	0	0
t1_111	1	0	0	0	0	0	0	0	0
t1_112	0	0	0	0	0	0	0	0	0
t1_113	1	0	0	0	0	0	0	0	0
t1_114	1	0	0	0	0	0	0	0	0
t1_115	1	0	0	0	0	0	0	0	0
t1_116	1	0	0	0	0	0	0	0	0
t1_117	1	0	0	0	0	0	0	0	0
t1_118	1	0	0	0	0	0	0	0	0
t1_119	1	0	0	0	0	0	0	0	0
t1_120	1	0	0	0	0	0	0	0	0
t1_121	1	0	0	0	0	0	0	0	0
t1_122	1	0	0	0	0	0	0	0	0
t1_123	1	0	0	0	0	0	0	0	0
t1_124	1	0	0	0	0	0	0	0	0
t1_125	1	0	0	0	0	0	0	0	0
t1_126	1	0	0	0	0	0	0	0	0
t1_127	0	0	0	0	0	0	0	1	0
t1_128	1	0	0	0	0	0	0	0	0
t1_129	0	0	0	0	0	0	0	0	0
t1_130	1	0	0	0	0	0	0	0	0
t1_131	1	0	0	0	1	0	0	0	0
t1_132	1	0	0	0	0	0	0	0	0
t1_133	1	0	0	0	0	0	0	0	0
t1_134	1	1	0	0	0	0	0	0	0
t1_135	1	0	0	0	0	0	0	0	0
t1_136	1	0	1	0	0	0	0	0	0
t1_137	1	0	0	0	0	0	0	0	0
t1_138	1	0	1	0	0	0	0	0	0
t1_139	1	0	0	0	0	0	0	0	0
t1_140	0	0	0	0	0	0	0	0	0
t1_141	1	0	0	0	0	0	0	0	0
t1_142	1	0	0	0	0	0	0	0	0
t1_143	1	0	0	0	0	0	0	0	0
t1_144	0	0	0	0	0	0	0	0	0
t1_145	1	0	0	0	0	0	0	0	0
t1_146	1	0	0	0	0	0	0	0	0
t1_147	1	0	0	0	0	0	0	0	0
t1_148	1	0	0	0	0	0	0	0	0
t1_149	1	0	0	0	0	0	0	0	0
t1_150	1	0	0	0	0	0	0	0	0
t1_151	1	0	0	0	0	0	0	0	0
t1_152	1	0	0	0	0	0	0	0	0
t1_153	1	0	0	0	0	1	0	0	0
t1_154	0	0	0	0	0	0	0	0	0
t1_155	1	0	0	0	0	1	0	0	0
t1_156	1	0	0	0	0	0	0	0	0
t1_157	0	0	0	0	0	0	0	0	0
t1_158	1	0	0	0	0	0	0	0	0
t1_159	1	0	0	0	0	0	0	0	0
t1_160	1	0	0	0	0	0	0	0	0
t1_161	1	0	0	0	0	0	0	0	0
t1_162	1	0	0	0	0	0	0	0	0
t1_163	1	0	0	0	0	0	0	0	0
t1_164	1	0	0	0	0	0	0	0	0
t1_165	1	0	0	0	0	0	0	0	0
t1_166	1	0	0	0	0	0	0	0	0
t1_167	1	0	0	0	0	0	0	0	0
t1_168	1	0	0	0	0	0	0	0	0
t1_169	1	0	0	0	0	0	0	0	0
t1_170	1	0	0	0	0	0	0	0	0
t1_171	1	0	0	0	0	0	0	0	0
t1_172	1	0	0	0	0	0	0	0	0
t1_173	1	0	0	0	0	0	0	0	0
t1_174	1	0	0	0	0	0	0	0	0
t1_175	1	0	0	1	0	0	0	0	0
t1_176	1	0	0	0	0	0	0	0	0
t1_177	1	0	0	0	0	0	0	0	0
t1_178	1	0	0	0	0	0	0	0	0
t1_179	1	0	0	0	0	1	0	1	0
t1_180	1	0	0	0	0	0	0	0	0
t1_181	1	0	0	0	0	0	0	0	0
t1_182	1	0	0	0	0	0	0	0	0
t1_183	1	0	0	0	0	0	0	0	0
t1_184	1	0	0	0	0	0	0	0	0
t1_185	1	0	0	0	0	0	0	0	0
t1_186	1	0	0	0	0	0	0	0	0
t1_187	1	0	0	0	0	0	0	0	0
t1_188	1	0	0	1	0	0	0	0	0
t1_189	0	0	0	0	0	0	0	0	0
t1_190	1	0	0	0	0	0	0	0	0
t1_191	1	0	0	0	0	0	0	0	0
t1_192	1	0	0	0	0	0	0	0	0
t1_193	1	0	0	0	0	0	0	0	0
t1_194	1	0	0	0	0	0	0	0	0
t1_195	1	0	0	0	0	0	0	0	0
t1_196	0	0	0	0	0	0	0	0	0
t1_197	1	0	0	0	0	0	0	0	0
t1_198	0	0	0	0	0	0	0	0	0
t1_199	1	0	0	0	0	0	0	0	0
t1_200	1	0	0	0	0	0	0	0	0
t1_201	0	0	0	0	0	0	0	0	0
t1_202	1	0	0	0	0	0	0	0	0
t1_203	1	0	0	0	0	0	0	0	0
t1_204	1	0	0	0	0	0	0	0	0
t1_205	1	0	0	0	0	0	0	0	0
t1_206	1	0	0	0	0	0	0	0	0
t1_207	1	0	0	0	0	0	0	0	0
t1_208	0	0	0	0	0	0	0	0	0
t1_209	1	0	0	0	0	0	0	0	0
t1_210	1	0	0	0	0	0	0	0	1
t1_211	1	0	0	0	0	0	0	0	0
t1_212	1	0	0	0	0	0	0	0	0
t1_213	1	0	0	0	0	0	0	0	0
t1_214	1	0	0	0	0	0	0	0	0
t1_215	1	0	0	0	0	0	0	0	0
t1_216	1	0	0	0	0	0	0	0	0
t1_217	1	0	0	0	0	0	0	0	0
t1_218	1	0	0	0	0	0	0	0	0
t1_219	1	0	0	0	0	0	0	0	0
t1_220	1	0	0	0	0	0	0	0	0
t1_221	1	0	0	0	0	0	0	0	0
t1_222	1	0	0	0	0	0	0	0	0
t1_223	1	0	0	0	0	0	0	0	0
t1_224	0	0	0	0	0	0	0	0	0
t1_225	1	0	0	0	0	0	0	0	0
t1_226	1	0	0	0	0	0	0	0	0
t1_227	1	0	0	0	0	0	0	0	0
t1_228	1	0	0	0	0	0	0	0	0
t1_229	1	0	0	0	0	0	0	0	0
t1_230	1	0	0	0	0	0	0	0	0
t1_231	1	0	1	0	0	0	0	0	0
t1_232	1	0	0	0	0	0	0	0	0
t1_233	1	0	0	0	0	0	0	0	0
t1_234	1	0	0	0	0	0	0	0	0
t1_235	1	0	0	0	0	0	0	0	0
t1_236	1	0	0	0	0	0	0	0	0
t1_237	1	0	1	0	0	0	0	0	0
t1_238	1	0	0	0	0	0	0	0	0
t1_239	1	0	0	0	0	0	0	0	0
t1_240	1	0	0	0	0	0	0	0	0
t1_241	1	0	0	0	0	0	0	0	0
t1_242	1	0	0	0	0	0	0	0	0
t1_243	1	0	0	0	1	0	0	0	0
t1_244	1	0	0	0	0	0	0	0	0
t1_245	1	0	0	0	0	0	0	0	0
t1_246	1	0	0	0	0	0	0	0	0
t1_247	1	0	0	0	0	0	0	0	0
t1_248	1	0	0	0	0	0	0	0	0
t1_249	1	0	0	0	0	0	0	0	0
t1_250	1	0	0	0	0	0	0	0	0
t1_251	1	0	0	0	0	0	0	0	0
t1_252	1	0	0	0	0	0	0	0	0
t1_253	1	0	0	0	0	0	0	0	1
t1_254	1	0	0	0	0	0	0	0	0
t1_255	1	0	0	0	0	0	0	0	0
t1_256	1	0	0	0	0	0	0	0	0
t1_257	0	0	0	0	0	0	0	0	0
t1_258	1	0	0	0	0	0	0	0	0
t1_259	1	0	0	0	0	0	0	0	0
t1_260	0	0	0	0	0	0	0	0	0
t1_261	1	0	0	0	0	0	0	0	0
t1_262	0	0	0	0	1	0	0	0	0
t1_263	1	0	0	0	0	0	0	0	0
t1_264	1	0	0	0	0	0	0	0	0
t1_265	0	0	0	0	0	0	0	0	0
t1_266	1	1	0	0	0	0	0	0	0
t1_267	1	0	0	0	0	0	0	0	0
t1_268	1	0	0	0	0	0	0	0	0
t1_269	1	0	0	0	0	0	0	0	0
t1_270	1	0	1	0	0	0	0	0	0
t1_271	1	0	0	0	0	0	0	0	0
t1_272	1	0	0	0	0	0	1	0	0
t1_273	1	0	0	0	0	0	0	0	0
t1_274	1	0	0	0	0	0	0	0	0
t1_275	1	0	0	0	0	0	0	0	0
t1_276	1	0	0	0	0	0	0	0	0
t1_277	1	0	0	0	0	0	0	0	0
t1_278	1	0	0	0	0	0	0	0	0
t1_279	1	0	0	0	0	0	0	0	0
t1_280	1	0	0	0	0	0	0	0	0
t1_281	1	0	0	0	0	0	0	0	0
t1_282	0	0	0	0	0	0	0	0	0
t1_283	1	0	0	0	0	0	0	0	0
t1_284	1	0	0	0	0	0	0	0	0
t1_285	0	0	0	0	0	0	0	0	0
t1_286	1	0	0	0	0	0	0	0	0
t1_287	1	0	0	0	0	0	0	0	0
t1_288	1	0	0	0	0	0	0	0	0
t1_289	1	0	0	0	0	0	0	0	0
t1_290	1	0	0	0	0	0	0	0	0
t1_291	1	0	0	0	0	0	0	0	0
t1_292	1	0	0	0	0	0	0	0	0
t1_293	1	0	0	0	0	0	0	0	0
t1_294	1	0	0	0	0	0	0	0	0
t1_295	1	0	0	0	0	0	0	0	0
t1_296	1	0	0	0	0	0	0	0	0
t1_297	1	0	0	0	0	0	0	0	0
t1_298	1	0	0	0	0	0	0	0	0
t1_299	1	0	0	0	0	0	0	0	0
t1_300	0	0	0	0	0	0	0	1	0
t1_301	1	0	0	0	0	0	0	0	0
t1_302	0	0	0	0	0	0	0	0	0
t1_303	1	0	0	0	0	0	0	0	0
t1_304	1	0	0	0	0	0	0	0	0
t1_305	0	0	0	0	0	0	0	0	0
t1_306	1	0	0	0	0	0	0	0	0
t1_307	1	0	0	0	0	0	0	0	0
t1_308	0	0	0	0	0	0	0	0	0
t1_309	1	0	0	0	0	0	0	0	0
t1_310	1	0	0	0	0	0	0	0	0
t1_311	1	0	0	0	0	0	0	0	0
t1_312	1	0	0	0	0	0	0	0	0
t1_313	0	0	0	0	0	0	0	0	0
t1_314	1	0	0	0	0	0	0	0	0
t1_315	1	0	0	0	0	0	0	0	0
t1_316	1	0	0	0	0	0	0	0	0
t1_317	1	0	0	0	0	0	0	0	0
t1_318	1	0	0	0	0	0	0	0	0
t1_319	1	0	0	0	0	0	0	0	0
t1_320	1	0	0	0	0	0	0	0	0
t1_321	1	0	0	0	0	0	0	0	0
t1_322	1	0	0	0	0	0	0	0	0
t1_323	1	0	0	0	0	0	0	0	0
t1_324	1	0	0	0	0	0	0	0	0
t1_325	1	0	0	0	0	0	0	0	0
t1_326	1	0	0	0	0	0	0	0	0
t1_327	0	0	0	0	0	0	0	0	0
t1_328	1	0	0	0	0	0	0	0	0
t1_329	1	0	0	0	0	0	0	0	0
t1_330	1	0	0	0	0	0	1	0	0
t1_331	1	0	0	0	0	0	0	0	0
t1_332	1	0	0	0	0	0	0	0	0
t1_333	1	0	0	0	0	0	0	0	0
t1_334	1	0	0	0	0	0	0	0	0
t1_335	1	0	0	1	0	0	0	0	0
t1_336	1	0	0	0	0	0	0	0	0
t1_337	1	0	0	0	0	0	0	0	0
t1_338	1	0	0	0	0	0	0	0	0
t1_339	1	0	0	0	0	0	0	0	0
t1_340	1	0	0	0	0	0	0	0	0
t1_341	1	0	0	0	0	0	0	0	0
t1_342	1	0	0	0	0	0	0	0	0
t1_343	0	0	0	0	0	0	0	0	0
t1_344	1	0	0	0	0	0	0	0	0
t1_345	1	0	0	0	0	0	0	0	0
t1_346	1	0	0	0	0	0	0	0	0
t1_347	0	0	0	0	0	0	0	0	0
t1_348	1	0	0	1	0	0	0	0	0
t1_349	0	0	0	0	0	0	0	0	0
t1_350	1	0	0	0	0	0	1	0	0
t1_351	1	0	0	0	0	0	0	0	0
t1_352	0	0	0	0	0	0	0	0	0
t1_353	1	0	0	0	0	0	0	0	0
t1_354	1	0	0	0	0	0	0	0	0
t1_355	0	0	0	0	0	0	0	0	0
t1_356	1	0	0	0	0	0	0	0	0
t1_357	1	0	0	0	0	0	0	0	0
t1_358	1	0	0	0	0	0	0	0	0
t1_359	1	0	0	0	0	0	0	0	0
t1_360	1	0	0	0	0	0	0	0	0
t1_361	1	0	0	0	0	0	0	0	0
t1_362	1	0	0	0	0	0	0	0	0
t1_363	1	1	0	0	0	0	0	0	0
t1_364	1	0	0	0	0	0	0	0	0
t1_365	1	0	0	0	0	0	1	0	0
t1_366	1	0	0	0	0	0	0	0	0
t1_367	1	0	0	0	0	0	0	0	0
t1_368	1	0	0	0	0	0	0	0	0
t1_369	0	0	0	0	0	0	0	0	0
t1_370	1	0	0	0	0	0	0	0	0
t1_371	1	0	0	0	0	0	0	0	0
t1_372	1	0	0	0	0	0	0	0	0
t1_373	1	0	0	0	0	0	0	0	0
t1_374	1	0	0	0	0	0	0	0	0
t1_375	1	0	0	0	0	0	0	0	0
t1_376	1	0	0	0	0	0	0	0	0
t1_377	1	0	0	0	0	0	0	0	0
t1_378	1	0	0	0	0	0	0	0	0
t1_379	1	0	0	0	0	0	0	0	0
t1_380	0	0	0	0	0	0	0	1	0
t1_381	1	0	0	0	0	0	0	0	0
t1_382	1	0	0	0	0	0	0	0	0
t1_383	0	0	0	0	0	0	0	0	0
t1_384	1	0	0	0	0	0	0	0	0
t1_385	1	0	0	0	0	0	0	0	0
t1_386	1	0	0	0	0	0	0	0	0
t1_387	1	0	0	0	0	0	0	0	0
t1_388	1	0	0	0	0	0	0	0	0
t1_389	1	0	0	0	0	0	0	0	0
t1_390	1	0	0	0	0	0	0	0	0
t1_391	1	0	0	0	0	0	0	0	0
t1_392	1	0	0	0	0	0	0	0	0
t1_393	1	0	0	0	0	0	0	0	0
t1_394	1	0	0	0	0	0	0	0	0
t1_395	1	0	0	0	0	0	0	0	0
t1_396	1	0	0	0	0	0	0	0	0
t1_397	1	0	0	0	0	0	0	0	0
t1_398	1	0	0	0	0	0	0	0	0
t1_399	1	0	0	0	0	0	0	0	0
t1_400	1	0	0	0	0	0	0	0	0
t1_401	1	0	0	0	0	0	0	0	0
t1_402	1	0	0	0	0	0	0	0	0
t1_403	1	0	0	0	0	0	0	0	0
t1_404	1	0	0	0	0	0	0	0	0
t1_405	1	0	0	0	0	0	0	0	0
t1_406	1	0	0	0	0	0	0	0	0
t1_407	1	0	0	0	0	0	0	0	0
t1_408	1	0	0	0	0	0	0	0	0
t1_409	1	0	0	0	0	0	0	0	0
t1_410	1	0	0	0	0	0	0	0	0
t1_411	1	0	0	0	0	0	0	0	0
t1_412	1	0	0	0	0	0	0	0	0
t1_413	1	0	0	0	0	0	0	0	0
t1_414	1	0	0	0	0	0	0	0	0
t1_415	1	0	0	0	0	0	0	0	0
t1_416	1	0	0	0	0	0	0	0	0
t1_417	1	0	1	0	0	0	0	0	0
t1_418	1	0	0	0	0	0	0	0	0
t1_419	1	0	0	0	0	0	0	0	0
t1_420	1	0	0	0	0	0	0	0	0
t1_421	1	0	0	0	0	0	0	0	0
t1_422	0	0	0	0	0	0	0	0	0
t1_423	1	0	0	0	0	0	0	0	0
t1_424	1	0	0	0	0	0	0	0	0
t1_425	1	0	0	0	0	0	0	0	0
t1_426	1	0	0	0	0	0	0	0	0
t1_427	1	0	0	1	0	0	0	0	0
t1_428	1	0	0	0	0	0	0	0	0
t1_429	1	0	0	0	0	0	0	0	0
t1_430	1	0	0	0	0	0	0	0	0
t1_431	1	0	0	0	0	0	0	0	0
t1_432	1	0	0	0	0	0	0	0	0
t1_433	1	0	0	0	0	0	0	0	0
t1_434	1	0	0	0	0	0	0	0	0
t1_435	1	0	0	0	0	0	0	0	0
t1_436	1	0	0	0	0	0	0	0	0
t1_437	0	0	0	0	0	0	0	0	0
t1_438	1	0	0	0	0	0	0	0	0
t1_439	1	0	0	0	0	0	0	0	0
t1_440	1	0	0	0	0	0	0	0	0
t1_441	1	0	0	0	0	0	0	0	0
t1_442	1	0	0	0	0	0	0	0	0
t1_443	0	0	0	0	0	0	0	0	0
t1_444	1	0	0	0	0	0	0	0	0
t1_445	1	0	0	0	0	0	0	0	0
t1_446	1	0	0	0	0	0	0	0	0
t1_447	1	0	0	0	0	0	0	0	0
t1_448	1	0	0	0	0	0	0	0	0
t1_449	1	0	0	0	0	0	0	0	0
t1_450	1	0	0	0	0	0	0	0	0
t1_451	1	0	0	0	0	0	0	0	0
t1_452	1	0	0	0	0	0	0	0	0
t1_453	0	0	0	0	0	0	0	0	0
t1_454	0	0	0	0	0	0	0	0	0
t1_455	1	0	0	0	0	0	0	0	0
t1_456	1	0	0	0	0	0	0	0	0
t1_457	1	0	0	0	0	0	0	0	0
t1_458	0	0	0	0	0	0	0	0	0
t1_459	1	0	0	0	0	0	0	0	0
t1_460	1	0	0	0	0	0	0	0	0
t1_461	1	0	0	0	0	0	0	0	0
t1_462	1	0	0	0	0	0	0	0	0
t1_463	1	0	0	0	0	0	0	0	0
t1_464	1	0	0	0	0	0	0	0	0
t1_465	1	0	0	0	0	0	0	0	0
t1_466	1	0	0	0	0	0	0	0	0
t1_467	1	0	0	0	0	0	0	0	0
t1_468	1	0	0	0	0	0	0	0	0
t1_469	1	0	0	0	0	0	0	0	0
t1_470	1	0	0	0	0	0	0	0	0
t1_471	0	0	0	0	0	0	0	0	0
t1_472	0	0	0	0	0	0	0	0	0
t1_473	1	0	0	0	0	0	0	0	0
t1_474	1	0	0	0	0	0	1	0	0
t1_475	1	0	0	0	0	0	0	0	0
t1_476	1	0	0	0	0	0	0	0	0
t1_477	1	0	0	0	0	0	0	0	0
t1_478	1	0	0	0	0	0	0	0	0
t1_479	1	0	0	0	0	0	0	0	0
t1_480	1	0	0	0	0	0	0	0	0
t1_481	1	0	0	0	0	0	0	0	0
t1_482	1	0	0	0	0	1	0	0	0
t1_483	1	0	0	0	0	0	0	0	0
t1_484	1	0	0	0	0	0	0	0	0
t1_485	1	0	0	0	0	0	0	0	0
t1_486	1	0	0	0	0	0	0	0	0
t1_487	0	0	0	0	0	0	0	0	0
t1_488	1	0	0	0	0	0	0	0	0
t1_489	1	0	0	0	0	0	0	0	0
t1_490	1	0	0	0	0	0	0	0	0
t1_491	1	0	0	0	0	0	0	0	0
t1_492	1	0	0	0	0	0	0	0	0
t1_493	1	1	0	0	0	0	0	0	0
t1_494	1	0	0	0	0	0	0	0	0
t1_495	1	0	0	0	0	0	0	0	0
t1_496	1	0	0	0	0	0	0	0	0
t1_497	0	0	0	0	0	0	0	0	0
t1_498	1	0	0	0	0	0	0	0	0
t1_499	1	0	0	0	0	0	0	0	0
t1_500	1	0	0	0	0	0	0	0	0
t1_501	1	0	0	0	0	0	0	0	0
t1_502	1	0	0	0	1	0	0	0	0
t1_503	1	0	0	0	0	0	0	0	0
t1_504	1	0	0	0	0	0	0	0	0
t1_505	1	0	0	0	0	0	0	0	0
t1_506	1	0	0	0	0	0	0	0	0
t1_507	1	0	0	0	0	0	0	0	0
t1_508	1	0	0	0	0	0	0	0	0
t1_509	1	0	0	0	0	0	0	0	0
t1_510	1	0	0	0	0	0	1	0	0
t1_511	0	0	0	0	0	0	0	0	0
t1_512	1	0	0	0	0	0	0	0	0
t1_513	1	0	0	0	0	0	0	0	0
t1_514	1	0	0	0	0	0	0	0	0
t1_515	1	0	0	0	0	0	0	0	0
t1_516	1	0	0	0	0	0	0	0	0
t1_517	1	0	0	0	0	0	0	0	0
t1_518	1	1	0	0	0	0	0	0	0
t1_519	1	0	0	0	0	0	0	0	0
t1_520	1	0	0	0	0	0	0	0	0
t1_521	1	0	0	0	0	0	0	0	0
t1_522	1	0	0	0	0	0	0	0	0
t1_523	1	0	0	0	0	0	0	0	0
t1_524	1	0	0	0	0	0	0	0	0
t1_525	1	0	0	0	0	0	0	1	0
t1_526	1	0	0	0	0	0	0	0	0
t1_527	0	0	0	0	0	0	0	0	0
t1_528	1	0	0	0	0	0	0	0	0
t1_529	1	0	0	0	0	0	0	0	0
t1_530	1	0	0	0	0	0	0	0	0
t1_531	1	0	0	0	0	0	0	0	0
t1_532	1	0	0	0	0	0	0	0	0
t1_533	1	0	0	0	0	0	0	0	0
t1_534	1	0	0	0	0	0	0	0	0
t1_535	1	0	0	0	0	0	0	0	0
t1_536	1	0	0	0	0	0	0	0	0
t1_537	1	0	0	0	0	0	0	0	0
t1_538	1	0	0	0	0	0	0	0	0
t1_539	1	0	0	0	0	0	0	0	0
t1_540	1	0	0	0	0	0	0	0	0
t1_541	1	0	0	0	0	0	0	0	0
t1_542	1	0	0	0	0	0	0	0	0
t1_543	1	0	0	0	0	0	0	0	0
t1_544	0	0	0	0	0	0	0	0	0
t1_545	1	0	0	0	0	0	0	0	0
t1_546	1	0	0	0	0	0	0	0	0
t1_547	0	0	0	0	0	0	0	0	0
t1_548	1	0	0	0	0	0	0	0	0
t1_549	1	0	0	0	0	0	0	0	0
t1_550	1	0	0	0	0	0	0	1	0
t1_551	0	0	0	0	0	0	0	0	0
t1_552	1	0	0	0	0	0	0	0	0
t1_553	1	0	0	0	0	0	0	0	0
t1_554	1	0	0	0	0	0	0	0	0
t1_555	1	0	0	0	0	0	0	0	0
t1_556	1	0	0	0	0	0	0	0	1
t1_557	1	0	0	0	0	0	0	0	0
t1_558	1	0	0	0	0	0	0	0	0
t1_559	0	0	0	0	0	0	0	0	0
t1_560	1	0	0	0	0	0	0	0	0
t1_561	1	0	0	0	0	0	0	0	0
t1_562	1	0	0	0	0	0	0	0	0
t1_563	1	0	0	0	0	0	0	0	0
t1_564	0	0	0	0	0	0	0	0	0
t1_565	1	0	0	0	0	0	0	0	0
t1_566	1	0	0	0	0	0	0	0	0
t1_567	0	0	0	0	0	0	0	0	0
t1_568	1	0	0	0	0	0	0	0	0
t1_569	1	0	0	0	0	0	0	0	0
t1_570	1	0	0	0	0	0	0	0	0
t1_571	1	0	0	0	0	0	0	0	0
t1_572	1	0	0	0	0	0	0	0	0
t1_573	1	0	0	0	1	0	0	0	0
t1_574	1	0	0	0	0	0	0	0	0
t1_575	1	0	0	0	0	0	0	0	0
t1_576	1	0	0	0	0	0	0	0	0
t1_577	0	0	0	0	0	0	0	0	0
t1_578	1	0	0	0	0	0	0	0	0
t1_579	1	0	0	0	0	0	0	0	0
t1_580	0	0	0	0	0	0	0	0	0
t1_581	1	0	0	0	0	0	0	0	0
t1_582	1	0	0	0	0	0	0	0	0
t1_583	1	0	0	0	0	0	0	0	0
t1_584	0	0	0	0	0	0	0	0	0
t1_585	1	0	0	0	0	0	0	0	0
t1_586	1	0	0	0	0	0	0	0	0
t1_587	1	0	0	0	0	0	1	0	0
t1_588	1	0	0	0	0	0	0	0	0
t1_589	1	0	0	0	0	0	0	0	0
t1_590	1	0	0	0	0	0	0	0	0
t1_591	1	0	0	0	0	0	0	0	0
t1_592	1	0	0	0	0	0	0	0	0
t1_593	1	0	0	0	0	0	0	0	0
t1_594	0	0	0	0	0	0	0	0	0
t1_595	1	0	0	0	0	0	0	0	0
t1_596	1	0	0	0	0	0	0	0	0
t1_597	1	0	0	0	0	0	0	0	0
t1_598	1	0	0	0	0	0	0	0	0
t1_599	1	0	0	0	0	0	0	0	0
t1_600	1	0	0	0	0	0	0	0	0
t2_1	1	1	0	0	0	0	0	0	0
t2_2	0	1	1	0	0	0	0	0	0
t2_3	1	1	0	0	0	0	0	0	0
t2_4	1	1	1	0	0	0	0	0	0
t2_5	0	0	0	0	0	0	1	0	0
t2_6	1	1	1	0	0	0	0	0	0
t2_7	1	1	1	0	0	0	0	0	0
t2_8	0	1	1	0	0	0	0	0	0
t2_9	1	0	0	0	0	0	0	1	0
t2_10	1	1	0	0	0	0	0	0	0
t2_11	1	1	1	0	0	0	0	0	0
t2_12	1	0	0	0	0	0	0	0	0
t2_13	0	1	0	0	0	1	0	0	0
t2_14	1	1	0	0	0	0	0	0	0
t2_15	1	1	0	0	0	0	0	0	0
t2_16	1	1	0	0	0	0	0	0	0
t2_17	0	0	0	0	0	0	0	0	0
t2_18	1	0	0	0	0	0	0	0	0
t2_19	1	1	1	0	0	0	0	0	0
t2_20	1	1	0	0	0	0	0	0	0
t2_21	0	0	0	0	0	0	0	0	0
t2_22	1	1	1	0	0	0	0	0	0
t2_23	1	0	0	0	0	0	0	0	0
t2_24	0	0	0	0	0	0	0	0	0
t2_25	0	1	1	0	0	0	0	0	1
t2_26	1	1	1	0	0	0	0	0	0
t2_27	0	1	0	0	0	0	0	0	0
t2_28	1	0	0	0	0	0	0	0	0
t2_29	1	0	0	0	0	0	0	0	0
t2_30	1	0	1	0	0	0	0	0	0
t2_31	1	0	0	0	0	0	0	0	0
t2_32	0	0	0	0	0	0	0	0	0
t2_33	1	0	0	0	0	0	0	0	0
t2_34	1	1	1	0	0	0	0	0	0
t2_35	0	1	0	0	0	0	0	0	0
t2_36	0	0	1	0	0	0	0	0	0
t2_37	1	1	1	0	0	0	0	0	0
t2_38	1	1	1	0	0	0	0	0	0
t2_39	1	0	0	0	0	0	0	0	0
t2_40	1	1	0	0	0	0	0	0	0
t2_41	1	0	0	0	0	0	0	0	0
t2_42	1	1	0	0	0	0	0	0	0
t2_43	0	1	1	0	0	0	0	0	0
t2_44	1	1	0	0	0	0	0	0	0
t2_45	1	0	0	0	0	0	0	0	0
t2_46	1	0	0	0	0	0	0	0	0
t2_47	1	1	1	0	0	0	0	0	0
t2_48	1	1	0	0	0	0	0	0	0
t2_49	0	0	0	0	0	0	0	0	0
t2_50	1	1	0	0	1	0	0	0	0
t2_51	1	0	1	1	0	0	0	0	0
t2_52	1	1	0	0	0	0	0	0	0
t2_53	0	0	1	0	0	0	0	0	0
t2_54	0	0	1	0	0	0	0	0	0
t2_55	0	1	1	0	0	0	0	0	0
t2_56	1	0	0	0	0	0	0	0	0
t2_57	1	1	0	0	0	0	0	0	0
t2_58	1	1	1	0	0	0	0	0	0
t2_59	1	1	1	0	0	0	0	0	0
t2_60	0	0	1	0	0	0	0	0	0
t2_61	1	1	0	0	0	0	0	0	0
t2_62	1	1	1	0	0	0	0	0	0
t2_63	1	1	0	0	0	0	0	0	0
t2_64	1	0	1	0	0	0	0	0	0
t2_65	1	1	1	0	0	0	0	0	0
t2_66	1	1	1	0	0	0	0	0	0
t2_67	1	0	0	0	0	0	0	0	0
t2_68	1	1	0	0	0	0	1	0	0
t2_69	1	0	0	0	0	0	0	0	0
t2_70	1	1	1	0	0	0	0	0	0
t2_71	1	1	1	0	0	0	0	0	0
t2_72	1	0	1	0	0	0	0	0	0
t2_73	1	1	1	0	0	0	0	0	0
t2_74	1	1	1	0	0	0	0	0	0
t2_75	1	1	0	0	0	0	1	0	1
t2_76	1	1	0	0	0	0	0	0	0
t2_77	1	1	0	1	0	0	0	0	0
t2_78	1	1	1	0	0	0	0	0	0
t2_79	0	1	1	0	0	0	0	0	0
t2_80	1	1	0	0	0	0	0	0	0
t2_81	1	0	0	0	0	0	0	0	0
t2_82	1	1	0	0	0	0	0	0	0
t2_83	1	1	1	0	0	0	0	0	0
t2_84	1	1	1	0	1	0	0	0	0
t2_85	1	0	0	0	0	0	0	0	0
t2_86	1	0	0	0	0	1	0	0	0
t2_87	1	1	0	0	0	0	0	0	0
t2_88	0	0	0	0	0	0	0	0	0
t2_89	1	1	1	0	0	0	0	0	0
t2_90	1	1	1	0	0	0	0	0	0
t2_91	1	1	0	0	0	0	0	0	0
t2_92	0	0	0	0	0	0	0	0	0
t2_93	1	1	0	0	0	0	0	0	0
t2_94	1	0	0	0	0	0	0	0	0
t2_95	0	1	0	0	0	0	0	0	0
t2_96	1	0	0	0	0	0	0	0	0
t2_97	1	1	0	0	0	0	0	0	0
t2_98	1	1	0	0	1	0	0	0	0
t2_99	1	0	0	0	0	0	0	0	0
t2_100	1	1	1	0	0	0	0	0	0
t2_101	1	1	1	0	0	0	0	1	0
t2_102	1	1	1	0	0	0	0	0	0
t2_103	1	0	0	0	0	0	0	0	0
t2_104	1	0	0	0	0	0	0	0	0
t2_105	1	1	0	0	0	0	0	0	0
t2_106	1	1	1	0	0	0	0	0	0
t2_107	1	1	0	0	0	0	0	0	0
t2_108	0	0	0	0	0	0	1	0	0
t2_109	1	1	0	0	0	0	0	0	0
t2_110	1	0	0	0	0	0	1	0	0
t2_111	1	1	0	0	0	0	0	0	0
t2_112	1	0	0	0	0	0	0	0	0
t2_113	1	0	0	0	0	0	0	0	0
t2_114	1	0	0	0	1	0	0	0	0
t2_115	1	1	1	0	0	0	0	0	0
t2_116	1	1	0	0	0	0	0	0	0
t2_117	1	1	1	0	0	0	0	0	0
t2_118	1	0	1	0	0	0	0	0	0
t2_119	1	1	0	0	0	0	0	0	0
t2_120	1	1	1	0	0	0	0	0	0
t2_121	0	0	0	0	1	0	0	0	0
t2_122	1	1	0	0	1	0	0	0	0
t2_123	0	1	0	0	0	0	0	0	0
t2_124	1	0	0	0	0	0	0	0	0
t2_125	1	0	0	0	0	0	0	0	0
t2_126	0	0	0	0	0	0	0	0	0
t2_127	1	1	0	0	0	0	0	0	0
t2_128	1	1	0	0	0	0	0	0	0
t2_129	0	1	1	0	0	1	0	0	1
t2_130	1	1	1	0	0	0	0	0	0
t2_131	1	0	1	0	0	0	0	0	0
t2_132	0	0	0	0	0	0	1	0	0
t2_133	1	1	0	0	0	0	0	0	0
t2_134	0	0	0	0	0	0	0	0	0
t2_135	1	0	0	0	0	0	0	0	0
t2_136	1	1	1	0	0	0	0	0	0
t2_137	1	0	0	0	0	0	0	0	0
t2_138	1	0	0	0	0	0	0	0	0
t2_139	1	0	0	0	0	0	0	0	0
t2_140	1	1	1	0	0	0	0	0	0
t2_141	1	1	0	0	0	0	0	0	0
t2_142	1	1	1	0	0	0	0	0	0
t2_143	1	1	0	0	0	0	0	0	0
t2_144	1	1	1	0	0	0	0	0	0
t2_145	0	0	0	0	0	0	0	0	1
t2_146	1	1	0	0	0	0	0	0	0
t2_147	1	0	1	0	0	0	0	0	0
t2_148	1	0	0	0	0	0	0	0	0
t2_149	1	1	1	0	0	0	0	0	0
t2_150	1	0	0	0	0	0	0	0	0
t2_151	1	1	0	0	0	0	0	0	0
t2_152	1	1	0	0	0	0	0	0	0
t2_153	1	1	1	0	0	0	0	0	0
t2_154	1	1	1	0	0	0	0	0	0
t2_155	1	1	0	0	0	0	0	0	0
t2_156	1	0	0	0	0	0	0	0	0
t2_157	1	1	0	0	0	0	0	0	0
t2_158	1	1	1	0	0	0	0	0	1
t2_159	1	1	0	0	0	0	0	0	0
t2_160	1	1	0	0	0	0	0	0	0
t2_161	1	1	1	0	0	0	0	0	0
t2_162	1	0	0	0	0	0	0	0	0
t2_163	1	1	1	0	0	0	0	0	0
t2_164	1	1	1	0	0	0	0	0	0
t2_165	1	1	0	0	0	0	0	0	0
t2_166	1	1	1	0	0	0	0	0	0
t2_167	1	1	0	0	0	0	0	0	0
t2_168	1	1	1	0	0	0	0	0	0
t2_169	1	1	1	0	0	0	0	0	0
t2_170	1	0	0	0	0	0	0	0	0
t2_171	1	1	1	0	0	0	0	0	0
t2_172	1	1	1	0	0	0	0	0	0
t2_173	1	0	0	0	0	0	0	0	0
t2_174	1	0	0	0	0	0	0	0	0
t2_175	1	0	0	0	0	0	0	0	0
t2_176	1	0	0	0	0	0	0	0	0
t2_177	0	1	1	0	0	0	0	0	0
t2_178	1	1	0	0	0	0	0	0	0
t2_179	1	0	0	0	0	0	0	0	0
t2_180	0	0	0	0	1	0	0	0	0
t2_181	1	1	0	0	0	0	0	0	0
t2_182	0	1	1	0	0	0	0	0	0
t2_183	1	0	0	0	0	0	0	0	0
t2_184	1	0	1	0	0	0	0	0	0
t2_185	1	1	0	0	0	0	0	0	0
t2_186	1	0	0	0	1	0	0	0	0
t2_187	0	1	0	0	0	0	0	1	0
t2_188	1	1	0	0	0	0	0	0	0
t2_189	1	0	0	0	0	0	0	0	0
t2_190	1	0	1	0	0	0	0	0	0
t2_191	1	0	1	0	0	0	0	0	0
t2_192	1	0	0	0	0	0	0	0	0
t2_193	1	0	1	0	0	0	0	0	0
t2_194	0	1	1	0	0	0	0	0	1
t2_195	1	1	1	0	0	0	0	0	0
t2_196	1	1	0	0	0	0	0	1	0
t2_197	1	0	0	0	0	0	0	0	0
t2_198	0	1	1	0	0	0	0	0	0
t2_199	0	0	0	0	0	0	0	0	0
t2_200	1	0	0	0	0	0	0	0	0
t2_201	0	1	0	0	0	0	0	0	0
t2_202	1	1	0	0	0	0	0	0	0
t2_203	1	1	0	0	1	0	1	0	0
t2_204	1	1	1	0	0	0	0	0	0
t2_205	1	1	0	0	0	0	0	0	0
t2_206	1	0	0	0	0	0	0	0	0
t2_207	1	1	1	0	0	0	0	0	0
t2_208	1	1	0	0	0	0	0	0	0
t2_209	1	1	1	0	0	0	0	0	0
t2_210	1	0	0	0	0	0	0	0	0
t2_211	1	1	0	0	0	0	0	0	0
t2_212	1	0	0	0	0	0	0	0	0
t2_213	1	0	1	0	0	0	0	0	0
t2_214	1	1	1	0	0	0	0	0	0
t2_215	1	0	1	0	0	0	0	0	0
t2_216	0	1	0	0	0	0	0	0	0
t2_217	1	1	1	0	0	0	0	0	0
t2_218	1	1	0	0	0	0	0	0	0
t2_219	1	0	1	0	0	0	0	0	0
t2_220	0	0	0	0	0	0	0	0	0
t2_221	1	1	1	0	0	1	0	0	0
t2_222	1	1	0	0	0	0	0	0	0
t2_223	1	0	0	0	0	0	0	0	1
t2_224	1	1	0	0	0	0	0	0	0
t2_225	0	0	0	0	0	0	0	0	0
t2_226	0	1	0	0	0	0	0	0	0
t2_227	1	1	1	0	0	0	0	0	0
t2_228	1	0	0	0	0	0	0	0	0
t2_229	0	1	1	0	0	0	0	0	0
t2_230	1	1	0	0	0	0	0	0	0
t2_231	0	0	0	0	0	0	0	0	0
t2_232	1	1	0	0	0	0	0	0	0
t2_233	0	1	0	0	0	0	0	0	0
t2_234	0	0	0	0	0	0	0	0	0
t2_235	1	1	1	0	0	0	0	0	0
t2_236	0	1	0	0	0	0	0	0	0
t2_237	0	1	0	0	0	0	0	0	0
t2_238	1	0	0	0	0	0	0	0	0
t2_239	1	1	1	1	0	0	0	0	0
t2_240	1	1	1	0	0	0	0	0	0
t2_241	1	1	0	0	0	0	0	0	0
t2_242	1	1	1	0	0	0	0	0	0
t2_243	1	1	1	0	0	0	0	0	0
t2_244	0	0	0	0	0	0	0	0	0
t2_245	1	1	1	0	0	0	0	0	0
t2_246	1	0	0	0	0	0	0	0	0
t2_247	1	1	1	0	0	0	0	0	0
t2_248	1	1	1	0	0	0	0	0	0
t2_249	0	1	0	0	0	0	0	0	0
t2_250	1	1	1	0	0	0	0	0	0
t2_251	1	0	0	0	0	1	0	0	0
t2_252	1	1	0	0	0	0	0	0	0
t2_253	1	1	0	0	0	0	0	0	1
t2_254	1	0	0	0	0	0	0	0	0
t2_255	1	1	1	0	0	0	0	0	0
t2_256	1	0	0	0	0	0	0	0	0
t2_257	1	0	0	0	0	0	0	0	0
t2_258	1	0	0	0	0	0	0	0	0
t2_259	1	1	1	0	0	0	0	0	0
t2_260	1	1	1	0	0	0	0	0	0
t2_261	1	1	0	0	0	0	0	0	0
t2_262	1	0	1	0	0	0	0	0	0
t2_263	1	1	1	0	0	0	0	0	0
t2_264	1	1	0	0	0	0	0	0	0
t2_265	0	1	0	0	0	0	0	0	0
t2_266	1	1	1	0	0	0	0	0	0
t2_267	1	1	1	1	0	0	0	0	0
t2_268	1	1	0	0	0	0	0	0	0
t2_269	1	1	1	0	0	0	0	0	0
t2_270	1	0	0	0	0	0	0	0	0
t2_271	1	0	0	0	0	0	0	0	0
t2_272	1	1	1	0	0	0	0	0	0
t2_273	1	1	1	0	0	0	0	0	0
t2_274	1	0	0	0	0	0	0	0	0
t2_275	1	1	1	0	0	0	0	0	0
t2_276	1	1	1	0	0	0	0	0	0
t2_277	1	0	0	0	0	0	0	0	0
t2_278	1	1	1	0	0	0	0	0	0
t2_279	1	1	0	0	0	0	0	0	0
t2_280	0	0	0	0	0	0	0	0	0
t2_281	1	0	0	0	0	0	0	0	0
t2_282	1	0	1	0	0	0	0	0	0
t2_283	1	1	0	0	0	0	0	0	0
t2_284	1	1	1	0	0	0	0	0	0
t2_285	1	0	0	0	0	0	0	0	0
t2_286	1	1	1	0	0	0	0	0	0
t2_287	1	1	0	0	0	0	0	0	0
t2_288	1	1	0	0	0	0	0	0	0
t2_289	1	1	0	0	0	0	0	0	0
t2_290	1	1	0	0	0	0	0	0	0
t2_291	0	0	0	0	0	0	0	0	0
t2_292	1	1	0	0	0	0	0	0	0
t2_293	1	0	0	0	0	0	0	0	0
t2_294	1	0	0	0	0	0	0	0	0
t2_295	1	0	0	0	0	0	0	0	0
t2_296	0	1	0	0	0	0	0	0	0
t2_297	0	1	0	0	0	0	0	0	0
t2_298	1	0	0	0	0	0	0	0	0
t2_299	1	0	0	0	0	0	0	0	0
t2_300	1	1	1	0	0	0	0	0	0
t3_1	1	3	3	0	0	3	0	0	0
t3_2	1	1	1	0	0	0	0	0	0
t3_3	1	0	0	0	0	1	0	1	0
t3_4	1	0	3	0	0	1	0	1	0
t3_5	1	3	3	0	0	1	0	1	0
t3_6	1	0	0	0	0	0	3	0	0
t3_7	1	0	0	0	0	0	1	0	0
t3_8	0	0	0	3	0	0	1	0	0
t3_9	1	0	0	0	3	0	1	0	0
t3_10	1	1	0	0	3	0	0	0	0
t3_11	1	1	1	0	1	0	0	0	3
t3_12	1	1	1	3	0	0	0	0	3
t3_13	3	0	0	0	3	3	3	1	0
t3_14	1	3	0	3	0	0	0	0	1
t3_15	0	0	0	0	0	1	0	1	0
t3_16	1	1	1	0	0	0	0	0	0
t3_17	1	3	0	0	0	0	0	0	1
t3_18	0	0	0	0	0	0	1	0	3
t3_19	1	0	1	0	0	0	0	0	0
t3_20	1	0	3	0	0	3	0	1	3
t3_21	1	0	0	0	3	0	0	0	0
t3_22	1	3	0	0	0	0	1	0	0
t3_23	1	0	0	0	0	0	0	0	0
t3_24	1	1	3	0	0	0	0	0	0
t3_25	1	1	1	0	0	0	1	0	0
t3_26	1	0	3	0	0	1	0	0	0
t3_27	0	0	0	0	0	1	0	1	0
t3_28	1	1	0	0	0	0	0	0	3
t3_29	1	1	1	0	0	0	0	0	0
t3_30	1	1	0	0	0	0	3	0	1
t3_31	1	1	0	0	0	3	3	0	0
t3_32	1	1	0	0	0	0	0	0	1
t3_33	1	1	0	0	0	0	0	0	0
t3_34	3	0	0	0	0	1	0	0	0
t3_35	1	0	0	0	0	3	3	0	0
t3_36	1	1	1	0	0	0	0	0	0
t3_37	1	0	0	0	0	0	0	0	0
t3_38	3	1	1	0	3	0	0	0	0
t3_39	3	0	3	0	0	1	0	1	0
t3_40	3	1	3	0	0	0	0	0	0
t3_41	3	0	0	3	0	1	1	1	0
t3_42	0	0	0	3	1	0	3	0	0
t3_43	1	3	1	0	0	0	0	3	3
t3_44	1	1	1	0	1	3	0	0	0
t3_45	1	0	0	0	1	1	0	1	0
t3_46	3	0	0	0	3	0	0	0	0
t3_47	1	1	1	0	0	0	0	0	0
t3_48	1	1	0	0	0	0	0	0	0
t3_49	1	0	0	0	0	0	0	0	0
t3_50	1	1	1	0	3	0	0	0	0
t3_51	0	0	0	0	0	0	0	0	0
t3_52	1	1	3	0	0	0	3	1	0
t3_53	1	0	1	0	1	0	0	0	0
t3_54	1	1	0	0	0	0	0	0	0
t3_55	1	0	0	0	0	1	0	1	0
t3_56	1	1	0	3	0	0	0	0	0
t3_57	1	3	0	0	3	1	3	0	0
t3_58	1	1	0	0	0	0	0	0	1
t3_59	1	3	0	0	0	1	0	0	0
t3_60	1	1	0	0	1	0	3	0	0
t3_61	0	3	0	0	0	0	1	0	0
t3_62	1	1	0	0	0	0	0	0	0
t3_63	1	0	3	0	0	0	3	3	0
t3_64	1	0	0	0	0	0	1	0	0
t3_65	1	0	0	0	0	1	3	1	0
t3_66	1	0	3	0	1	0	0	0	0
t3_67	1	1	3	0	1	3	0	0	3
t3_68	0	3	1	0	0	0	0	0	0
t3_69	1	0	0	0	0	1	0	0	0
t3_70	1	0	0	0	0	0	1	0	0
t3_71	3	1	3	0	3	0	0	0	1
t3_72	1	1	0	0	0	0	0	0	1
t3_73	3	0	0	3	0	1	0	0	0
t3_74	1	1	1	0	1	0	0	0	0
t3_75	0	1	0	0	0	0	0	0	0
t3_76	1	1	1	0	0	0	0	3	3
t3_77	1	0	3	0	0	1	0	0	0
t3_78	0	1	0	1	0	0	3	0	3
t3_79	1	0	0	0	0	0	1	0	0
t3_80	1	1	0	0	0	0	0	0	0
t3_81	0	0	0	3	0	1	0	1	0
t3_82	1	3	0	3	0	0	1	0	0
t3_83	1	0	0	3	0	0	1	0	0
t3_84	1	0	0	0	0	0	0	0	3
t3_85	1	0	0	0	3	1	0	1	0
t3_86	1	1	3	0	0	0	0	0	3
t3_87	1	1	0	0	3	0	0	0	1
t3_88	1	0	0	0	0	0	0	0	0
t3_89	3	0	0	0	3	1	0	0	0
t3_90	1	0	0	0	0	0	1	0	0
t3_91	1	1	1	0	0	0	0	0	0
t3_92	1	0	0	0	0	1	0	1	0
t3_93	1	1	1	3	1	3	0	0	0
t3_94	1	1	1	0	1	0	0	0	0
t3_95	1	1	0	0	0	0	0	3	0
t3_96	1	0	0	0	0	1	3	1	0
t3_97	1	1	1	3	1	0	0	0	0
t3_98	1	0	0	3	0	1	0	1	0
t3_99	0	0	0	0	0	1	0	3	0
t3_100	1	1	0	0	0	0	0	0	3
t3_101	1	0	0	3	0	1	0	3	0
t3_102	1	1	1	0	1	0	0	0	0
t3_103	1	1	1	0	3	0	0	0	0
t3_104	1	1	3	0	0	0	0	0	0
t3_105	1	3	0	0	0	0	0	0	0
t3_106	3	0	0	0	0	0	0	0	1
t3_107	1	1	1	3	0	3	0	0	3
t3_108	1	1	0	0	0	0	0	0	0
t3_109	0	1	1	0	1	0	0	0	0
t3_110	1	1	0	0	0	0	0	0	0
t3_111	1	3	1	0	0	0	0	0	0
t3_112	1	0	0	0	0	0	3	0	3
t3_113	1	0	3	0	0	1	0	1	0
t3_114	1	1	1	0	0	0	0	0	0
t3_115	1	0	0	3	0	1	0	0	0
t3_116	1	3	3	3	0	1	0	3	0
t3_117	0	0	0	0	0	0	0	3	0
t3_118	1	3	1	0	0	0	3	0	0
t3_119	1	0	0	0	0	0	0	3	0
t3_120	1	1	1	0	0	0	0	0	0
t3_121	1	0	1	0	3	0	0	3	0
t3_122	1	3	0	0	3	1	0	0	0
t3_123	1	0	1	0	0	0	0	1	0
t3_124	1	1	0	0	0	0	3	0	0
t3_125	0	0	0	0	0	1	0	0	0
t3_126	0	1	0	0	1	3	3	0	0
t3_127	1	0	0	0	0	3	1	0	0
t3_128	3	0	0	0	0	0	1	0	0
t3_129	1	1	0	0	0	0	3	0	0
t3_130	1	0	0	0	0	0	1	0	0
t3_131	1	1	1	0	1	0	0	0	0
t3_132	1	1	1	0	1	0	3	0	0
t3_133	0	1	1	0	1	0	0	0	0
t3_134	1	0	0	0	0	1	0	0	0
t3_135	1	1	0	3	0	0	0	0	0
t3_136	0	1	0	0	0	0	0	0	1
t3_137	1	0	0	0	0	0	1	0	0
t3_138	1	0	0	3	3	0	0	0	1
t3_139	1	1	1	0	0	0	0	0	0
t3_140	1	0	0	0	0	1	0	3	0
t3_141	1	1	1	0	0	0	3	0	0
t3_142	0	0	0	0	0	3	1	0	0
t3_143	1	0	0	0	0	0	1	3	0
t3_144	3	0	0	0	0	0	0	0	0
t3_145	3	1	1	0	0	3	0	0	0
t3_146	1	0	0	0	0	1	0	3	0
t3_147	1	0	0	0	0	1	0	0	3
t3_148	1	0	0	0	0	1	0	3	0
t3_149	1	0	3	0	0	0	0	0	0
t3_150	1	1	1	0	0	0	0	0	0
t3_151	1	1	0	3	3	0	0	0	1
t3_152	0	1	0	0	0	0	3	0	0
t3_153	3	1	1	0	0	0	0	0	0
t3_154	1	1	3	0	0	0	0	0	0
t3_155	1	1	1	0	0	0	0	0	0
t3_156	0	0	0	1	3	1	0	0	3
t3_157	0	1	1	0	3	0	3	0	0
t3_158	1	1	1	0	1	0	0	0	0
t3_159	0	1	1	3	0	0	0	0	0
t3_160	1	0	0	0	0	3	3	0	0
t3_161	1	1	1	0	3	0	0	0	0
t3_162	1	3	0	3	0	0	3	0	0
t3_163	1	1	0	0	3	3	0	0	3
t3_164	1	1	0	3	0	0	0	0	1
t3_165	1	0	0	3	0	1	0	0	0
t3_166	1	0	0	0	0	0	0	1	0
t3_167	1	0	0	0	0	1	0	0	0
t3_168	1	0	1	0	3	0	0	3	0
t3_169	1	1	3	0	1	3	0	0	3
t3_170	0	0	3	0	0	0	0	0	1
t3_171	3	1	1	0	1	0	0	0	0
t3_172	1	1	0	0	0	0	0	0	0
t3_173	1	0	0	0	0	1	0	1	0
t3_174	0	0	1	0	1	0	0	0	0
t3_175	1	0	0	0	0	1	0	1	3
t3_176	1	1	0	0	1	3	0	0	0
t3_177	1	1	1	3	1	0	3	0	0
t3_178	0	3	1	0	1	0	0	0	3
t3_179	1	1	1	0	0	0	0	0	0
t3_180	1	0	0	0	0	0	1	3	0
t3_181	1	3	1	0	0	0	0	0	0
t3_182	0	0	0	0	3	3	0	1	0
t3_183	1	1	0	0	0	0	0	0	1
t3_184	0	0	0	0	0	0	0	0	0
t3_185	1	0	0	0	0	0	1	0	0
t3_186	0	0	0	0	3	1	3	1	0
t3_187	1	1	0	0	0	0	3	0	0
t3_188	0	3	3	0	0	0	0	1	3
t3_189	1	0	0	3	0	3	1	3	0
t3_190	1	1	0	0	3	0	0	0	0
t3_191	1	1	1	0	3	0	0	0	0
t3_192	0	0	0	0	0	3	1	3	0
t3_193	1	0	0	0	3	3	3	0	0
t3_194	0	1	0	0	0	0	3	0	0
t3_195	1	0	0	0	0	1	0	0	0
t3_196	1	3	0	0	3	0	0	0	1
t3_197	1	0	3	0	0	0	1	0	0
t3_198	1	1	3	0	0	0	0	0	0
t3_199	1	3	0	0	0	1	0	1	0
t3_200	1	1	0	0	0	0	3	0	1
t3_201	1	0	0	0	0	3	0	0	0
t3_202	1	0	0	0	0	1	0	1	0
t3_203	1	0	0	3	0	0	0	3	0
t3_204	1	0	0	0	0	1	3	1	0
t3_205	1	0	0	0	0	1	0	1	0
t3_206	1	0	0	0	0	1	0	3	0
t3_207	1	3	0	0	3	0	3	0	1
t3_208	1	1	0	0	1	3	0	0	0
t3_209	1	1	0	0	0	0	0	0	0
t3_210	1	0	3	0	0	0	1	3	0
t3_211	1	1	3	0	1	0	0	0	0
t3_212	1	3	3	1	0	0	0	0	1
t3_213	1	0	1	0	0	0	0	0	0
t3_214	1	1	1	0	3	0	0	0	0
t3_215	0	0	1	0	1	0	0	0	3
t3_216	1	0	0	0	0	0	0	0	0
t3_217	1	1	3	0	1	0	0	0	0
t3_218	1	0	0	3	0	0	0	1	0
t3_219	1	1	1	0	3	0	0	0	0
t3_220	1	1	1	0	0	0	0	0	0
t3_221	1	1	1	0	0	0	0	0	0
t3_222	1	3	0	0	0	1	0	0	0
t3_223	1	1	0	0	0	0	0	0	0
t3_224	1	3	0	0	0	3	3	0	0
t3_225	1	1	1	0	0	0	0	0	3
t3_226	1	3	0	0	0	3	1	3	0
t3_227	1	0	0	0	0	0	1	3	0
t3_228	1	3	1	0	0	0	0	0	3
t3_229	1	3	1	0	0	0	0	0	0
t3_230	1	0	0	0	0	0	1	0	0
t3_231	1	0	0	0	0	1	0	1	0
t3_232	1	0	0	0	0	1	3	1	0
t3_233	1	1	0	0	0	0	0	0	0
t3_234	1	0	0	0	0	0	1	0	0
t3_235	1	0	1	0	0	0	0	0	0
t3_236	1	1	1	0	1	0	0	0	0
t3_237	1	0	0	0	0	1	0	0	0
t3_238	1	1	1	0	0	0	0	0	0
t3_239	1	0	0	0	0	1	3	0	0
t3_240	3	0	0	0	0	0	0	0	0
t3_241	1	0	0	0	0	0	0	0	0
t3_242	1	0	0	0	3	0	1	0	0
t3_243	0	1	1	0	0	0	0	3	0
t3_244	1	1	1	0	0	0	3	0	3
t3_245	0	0	3	0	3	0	0	0	0
t3_246	1	1	1	0	1	0	0	0	0
t3_247	1	1	0	0	0	0	0	0	0
t3_248	1	1	1	0	0	0	0	0	0
t3_249	1	1	1	0	1	0	0	0	0
t3_250	1	1	0	0	0	0	0	0	1
t3_251	1	1	1	0	1	3	0	1	3
t3_252	1	1	1	0	1	0	0	0	3
t3_253	1	1	0	0	0	0	0	3	3
t3_254	1	3	0	3	0	1	0	1	0
t3_255	1	1	1	0	0	0	0	0	0
t3_256	1	3	0	0	0	0	0	0	3
t3_257	1	0	0	0	0	0	1	0	0
t3_258	1	1	1	0	1	3	0	0	0
t3_259	1	1	0	3	0	0	0	0	0
t3_260	1	1	0	0	0	1	3	0	1
t3_261	1	1	3	0	0	0	0	3	0
t3_262	1	3	0	0	0	0	0	3	1
t3_263	1	0	0	0	3	1	0	0	0
t3_264	1	1	0	3	0	0	0	1	0
t3_265	1	1	1	0	0	0	0	0	0
t3_266	1	0	0	0	0	0	0	0	0
t3_267	1	1	1	0	3	0	0	0	0
t3_268	3	0	0	0	0	1	0	0	0
t3_269	1	1	3	0	1	3	1	0	0
t3_270	1	0	0	0	0	1	3	1	3
t3_271	1	1	1	0	1	0	0	0	0
t3_272	1	3	0	3	0	0	1	0	0
t3_273	1	1	0	0	0	0	0	0	0
t3_274	1	1	1	0	3	0	0	0	0
t3_275	1	0	0	3	0	1	0	1	0
t3_276	3	1	0	0	0	0	0	0	0
t3_277	3	1	0	0	3	0	0	0	0
t3_278	1	1	1	0	0	0	0	3	0
t3_279	1	0	0	0	0	1	0	0	0
t3_280	1	3	0	0	0	0	1	0	0
t3_281	1	0	0	0	3	1	3	1	0
t3_282	0	0	0	0	0	1	0	1	0
t3_283	1	3	1	0	0	0	0	0	0
t3_284	3	0	0	0	1	0	1	0	0
t3_285	1	0	0	0	0	1	0	1	0
t3_286	1	1	0	1	0	0	0	3	3
t3_287	0	1	3	0	1	3	0	0	1
t3_288	1	0	0	0	0	0	3	0	0
t3_289	1	1	1	0	1	0	0	0	0
t3_290	1	1	1	3	1	0	0	0	0
t3_291	1	0	0	0	3	1	0	3	0
t3_292	1	0	3	0	0	1	0	1	3
t3_293	1	0	0	0	0	0	0	0	0
t3_294	1	0	0	0	0	0	0	0	3
t3_295	1	0	0	3	0	0	3	3	0
t3_296	1	0	0	0	0	1	3	1	0
t3_297	1	3	1	0	1	3	0	0	0
t3_298	1	1	1	0	1	0	0	0	0
t3_299	1	0	0	0	0	1	3	1	0
t3_300	1	3	0	3	0	1	0	1	0
t3_301	1	0	0	0	0	0	0	0	0
t3_302	1	1	3	0	0	0	0	0	0
t3_303	1	1	1	0	1	0	0	0	0
t3_304	1	0	0	0	0	1	3	1	0
t3_305	1	0	0	0	0	0	0	0	0
t3_306	0	0	0	0	0	3	3	0	0
t3_307	1	1	1	0	1	0	3	0	0
t3_308	1	0	0	0	0	0	0	0	0
t3_309	1	0	0	0	0	1	1	1	0
t3_310	1	0	0	0	0	1	3	1	0
t3_311	1	1	1	0	1	0	0	3	0
t3_312	1	1	0	0	0	0	0	0	3
t3_313	1	0	0	0	0	0	1	0	0
t3_314	1	1	0	0	3	0	3	0	0
t3_315	3	1	1	0	0	0	0	0	0
t3_316	1	1	3	0	0	0	0	0	3
t3_317	0	3	0	0	0	1	0	1	0
t3_318	1	0	0	0	3	0	1	0	0
t3_319	1	1	0	0	0	0	0	0	0
t3_320	0	1	0	0	3	0	0	0	0
t3_321	1	0	3	3	0	0	1	0	0
t3_322	1	1	1	3	0	0	0	0	0
t3_323	1	1	1	0	3	0	0	0	0
t3_324	1	1	0	0	1	0	0	0	0
t3_325	1	1	1	0	1	0	0	0	0
t3_326	1	3	0	0	1	0	0	0	0
t3_327	1	0	0	0	0	3	0	0	3
t3_328	1	0	0	0	0	3	0	0	0
t3_329	1	1	0	0	0	0	0	0	1
t3_330	1	0	0	1	0	0	1	0	0
t3_331	1	1	0	0	3	0	3	0	0
t3_332	3	1	0	0	0	0	0	0	0
t3_333	0	0	0	0	0	0	3	1	0
t3_334	1	0	0	0	0	1	0	0	0
t3_335	1	1	3	0	0	0	0	0	3
t3_336	1	0	0	0	0	0	0	0	0
t3_337	0	0	0	0	0	1	3	3	0
t3_338	1	3	0	0	0	1	0	1	0
t3_339	1	3	0	0	0	0	0	0	0
t3_340	1	1	0	0	0	0	0	3	1
t3_341	0	1	3	0	0	0	0	0	1
t3_342	1	0	0	0	0	1	0	0	0
t3_343	1	1	3	0	0	0	0	0	3
t3_344	1	1	1	0	1	0	0	0	0
t3_345	0	0	0	0	0	1	1	0	0
t3_346	1	3	0	0	0	1	0	3	0
t3_347	1	0	0	0	0	1	0	0	0
t3_348	1	0	1	0	1	0	0	0	3
t3_349	1	0	0	0	0	1	0	0	3
t3_350	1	0	1	0	1	0	0	0	0
t3_351	1	1	1	0	0	0	0	3	0
t3_352	0	0	0	3	0	1	0	0	3
t3_353	3	1	3	3	0	0	0	0	0
t3_354	1	0	0	0	0	0	0	0	0
t3_355	1	0	0	0	0	0	1	0	0
t3_356	1	0	0	0	0	1	0	1	0
t3_357	1	0	0	0	3	0	0	0	0
t3_358	1	3	0	0	0	0	3	0	0
t3_359	0	3	0	0	0	1	0	1	0
t3_360	1	3	0	3	0	0	0	0	0
t3_361	0	1	1	0	0	3	0	0	0
t3_362	1	0	0	0	0	1	0	0	0
t3_363	1	1	3	0	0	0	0	0	1
t3_364	1	1	0	0	3	0	0	0	0
t3_365	1	3	0	0	0	0	0	0	0
t3_366	1	0	0	0	0	0	3	0	0
t3_367	1	1	1	0	1	0	0	0	0
t3_368	1	1	3	0	0	0	0	0	0
t3_369	1	1	0	0	0	0	0	0	3
t3_370	1	3	0	0	0	0	1	0	0
t3_371	1	0	0	0	0	0	0	1	0
t3_372	1	0	0	3	0	1	0	0	0
t3_373	1	1	1	0	0	3	0	0	0
t3_374	1	1	0	0	0	0	0	0	3
t3_375	1	1	0	0	0	0	0	0	0
t3_376	1	0	3	0	0	1	0	0	0
t3_377	1	0	0	0	3	3	0	0	3
t3_378	1	3	0	0	0	1	0	0	0
t3_379	1	0	0	0	0	1	1	1	0
t3_380	1	1	0	0	0	0	0	0	0
t3_381	1	1	1	0	1	0	0	0	0
t3_382	1	1	1	0	1	0	3	3	0
t3_383	3	0	0	0	0	1	1	0	0
t3_384	1	0	0	0	0	3	3	0	0
t3_385	3	0	3	0	0	1	0	3	0
t3_386	1	0	0	0	0	1	0	0	0
t3_387	1	1	1	0	1	0	0	0	0
t3_388	1	0	3	0	0	0	0	0	3
t3_389	1	0	0	3	0	1	0	0	0
t3_390	1	3	0	0	0	1	0	0	0
t3_391	1	0	0	0	0	1	0	3	0
t3_392	1	1	1	0	0	0	0	0	3
t3_393	1	1	1	0	3	0	0	0	0
t3_394	1	1	1	3	0	0	0	0	0
t3_395	1	0	0	3	0	0	1	3	3
t3_396	1	0	3	0	0	1	0	3	0
t3_397	1	0	3	3	0	1	0	0	0
t3_398	1	3	1	0	1	0	0	0	0
t3_399	1	1	1	0	1	0	0	3	0
t3_400	3	1	0	0	0	0	0	0	1
t3_401	1	1	0	0	0	0	0	0	1
t3_402	1	0	3	0	0	0	1	0	0
t3_403	1	1	3	0	1	0	0	0	0
t3_404	1	1	1	0	0	0	0	0	0
t3_405	3	0	0	0	0	0	0	0	0
t3_406	1	1	3	0	1	0	0	0	0
t3_407	1	1	0	0	0	0	0	0	0
t3_408	1	3	0	0	0	0	3	0	0
t3_409	1	0	0	0	3	1	0	0	3
t3_410	1	0	0	0	0	1	0	1	0
t3_411	0	3	0	0	0	0	0	3	3
t3_412	1	1	1	0	1	0	0	0	0
t3_413	3	1	1	0	0	0	3	3	0
t3_414	1	0	0	0	0	1	0	1	0
t3_415	1	0	0	0	1	1	0	3	0
t3_416	1	1	1	0	0	0	0	0	3
t3_417	1	0	0	0	0	1	0	0	0
t3_418	1	3	1	0	0	3	0	3	0
t3_419	1	3	1	0	1	0	0	3	0
t3_420	3	0	0	0	0	1	0	0	0
t3_421	1	0	0	0	3	0	1	0	0
t3_422	1	0	0	0	0	0	0	0	3
t3_423	1	0	0	0	0	1	0	1	0
t3_424	1	1	1	0	0	0	0	3	0
t3_425	1	1	1	0	3	3	0	0	0
t3_426	1	1	1	0	1	0	0	0	0
t3_427	1	1	1	0	1	3	3	0	0
t3_428	1	1	0	1	0	0	3	0	0
t3_429	1	0	0	0	0	1	0	1	0
t3_430	3	1	0	0	0	0	1	3	0
t3_431	1	0	0	0	0	0	1	0	0
t3_432	1	0	0	0	0	0	1	0	3
t3_433	1	1	1	1	3	0	0	0	0
t3_434	1	0	0	0	0	0	1	3	0
t3_435	1	0	0	0	3	0	0	0	0
t3_436	1	3	0	0	0	0	0	0	0
t3_437	1	1	0	3	1	0	0	0	1
t3_438	1	1	1	0	1	0	0	0	0
t3_439	1	0	0	0	0	0	1	0	0
t3_440	1	3	1	0	1	0	0	0	0
t3_441	0	1	1	0	3	0	0	0	3
t3_442	1	1	1	3	3	0	0	0	0
t3_443	1	1	1	0	0	0	0	0	0
t3_444	1	1	1	0	1	0	0	3	0
t3_445	0	0	3	0	0	0	1	0	0
t3_446	3	0	0	0	3	0	1	0	0
t3_447	0	0	3	0	0	3	3	0	0
t3_448	0	0	0	0	0	0	0	0	0
t3_449	1	0	0	0	0	0	1	0	0
t3_450	1	3	0	0	0	0	0	3	1
t3_451	1	1	1	0	1	0	0	3	0
t3_452	1	0	0	0	0	1	0	1	0
t3_453	1	0	0	0	3	1	0	3	0
t3_454	3	1	1	3	1	0	0	3	0
t3_455	1	1	0	0	1	0	0	0	0
t3_456	1	0	0	0	0	1	0	0	0
t3_457	1	0	0	0	0	0	1	0	0
t3_458	1	1	1	0	1	0	0	0	0
t3_459	1	0	0	0	0	0	1	0	0
t3_460	1	0	0	0	0	0	0	0	0
t3_461	0	1	1	0	1	0	0	0	0
t3_462	1	1	1	0	1	0	0	0	0
t3_463	1	0	0	0	0	1	0	1	0
t3_464	1	1	0	0	0	0	0	0	1
t3_465	1	0	0	0	0	1	3	0	3
t3_466	1	1	0	0	0	0	0	0	0
t3_467	3	0	0	0	0	3	3	1	0
t3_468	1	3	0	0	0	0	0	0	0
t3_469	1	1	1	0	1	0	0	0	0
t3_470	1	1	0	0	0	0	0	0	0
t3_471	1	0	0	0	0	0	1	0	3
t3_472	1	1	0	0	0	0	0	0	3
t3_473	1	1	0	0	0	0	0	0	1
t3_474	0	3	1	0	0	0	1	0	0
t3_475	1	1	0	0	0	0	0	0	0
t3_476	1	0	0	0	0	1	0	1	3
t3_477	1	0	0	0	0	0	1	0	0
t3_478	1	1	3	0	1	0	0	0	0
t3_479	0	0	3	0	0	3	3	1	0
t3_480	1	0	0	0	3	0	3	0	0
t3_481	3	0	0	1	0	1	0	1	3
t3_482	1	1	0	0	0	3	0	0	3
t3_483	1	0	0	0	0	0	1	0	0
t3_484	1	0	0	0	0	1	0	0	0
t3_485	3	0	1	0	1	0	0	0	0
t3_486	1	0	0	0	0	0	0	0	0
t3_487	3	0	3	0	0	0	0	0	0
t3_488	1	3	3	0	3	3	3	0	1
t3_489	1	3	0	0	0	1	0	0	0
t3_490	1	1	1	0	1	0	0	0	0
t3_491	1	1	0	3	0	0	0	0	1
t3_492	1	0	3	0	0	1	3	0	3
t3_493	1	0	0	0	0	0	3	0	1
t3_494	1	1	0	0	0	0	0	0	0
t3_495	0	1	0	0	1	0	0	0	0
t3_496	1	1	0	0	0	0	0	0	1
t3_497	1	1	3	0	0	0	0	0	0
t3_498	3	0	0	0	0	1	0	0	0
t3_499	1	1	0	0	0	3	0	0	1
t3_500	1	0	0	0	0	1	0	0	0
t3_501	1	1	1	0	0	0	0	0	0
t3_502	3	0	0	0	0	0	1	0	0
t3_503	3	1	1	0	0	0	0	0	0
t3_504	1	0	1	0	0	0	0	0	0
t3_505	1	0	0	0	0	1	0	0	0
t3_506	1	1	1	0	0	0	0	0	3
t3_507	1	1	1	0	1	0	3	0	0
t3_508	1	0	0	0	0	0	0	0	0
t3_509	1	1	0	0	0	0	0	0	1
t3_510	1	1	1	0	1	0	0	0	0
t3_511	3	1	0	0	0	0	0	0	0
t3_512	1	0	0	0	0	3	1	0	3
t3_513	1	0	1	0	0	0	0	0	0
t3_514	1	1	0	0	0	0	0	0	0
t3_515	1	0	0	0	3	1	0	1	0
t3_516	1	0	0	0	0	1	0	1	0
t3_517	1	1	0	0	0	0	0	0	1
t3_518	3	1	1	0	3	0	0	0	0
t3_519	1	0	0	3	0	0	0	0	0
t3_520	1	0	0	0	0	1	0	0	0
t3_521	1	0	0	0	3	1	3	1	0
t3_522	1	0	3	0	0	0	0	0	0
t3_523	1	1	0	0	0	0	0	0	0
t3_524	0	1	0	0	0	0	3	3	3
t3_525	1	1	1	0	0	0	0	0	0
t3_526	1	1	1	0	0	0	0	0	0
t3_527	1	0	1	0	0	1	0	1	0
t3_528	1	1	1	0	0	0	0	0	0
t3_529	1	1	1	3	0	0	0	0	0
t3_530	3	0	3	3	0	1	0	0	0
t3_531	1	1	1	0	0	1	0	0	0
t3_532	1	1	0	0	3	0	0	0	1
t3_533	3	1	1	0	1	0	0	0	3
t3_534	1	3	1	0	1	0	0	0	0
t3_535	1	0	0	3	0	1	0	0	0
t3_536	1	1	1	0	1	0	0	3	0
t3_537	1	0	0	3	0	1	3	1	0
t3_538	1	0	0	0	1	3	0	0	0
t3_539	1	0	0	0	0	0	0	0	3
t3_540	0	0	0	0	0	3	0	1	3
t3_541	1	1	3	0	0	3	0	0	0
t3_542	1	1	1	0	1	0	0	0	0
t3_543	1	1	0	0	3	0	0	3	1
t3_544	1	1	1	0	3	0	0	0	0
t3_545	0	0	0	0	0	3	0	1	0
t3_546	3	0	0	0	0	1	0	0	0
t3_547	3	0	0	0	0	3	1	0	0
t3_548	1	3	3	0	0	1	0	1	0
t3_549	1	1	0	0	0	0	0	0	1
t3_550	1	1	0	0	0	0	0	0	3
t3_551	1	0	3	0	0	1	0	1	3
t3_552	1	3	1	3	1	0	0	0	0
t3_553	1	1	3	0	1	0	0	0	0
t3_554	3	1	1	0	0	0	0	0	0
t3_555	1	1	1	3	1	0	3	0	0
t3_556	0	1	1	0	1	0	0	0	0
t3_557	1	0	3	0	0	1	3	1	0
t3_558	1	1	1	0	1	0	0	0	0
t3_559	1	3	0	0	3	1	0	0	0
t3_560	1	1	3	0	0	0	3	0	0
t3_561	1	0	0	0	0	0	1	0	0
t3_562	1	1	1	0	0	0	0	3	0
t3_563	1	1	0	0	0	0	0	0	1
t3_564	1	1	1	0	0	0	0	3	0
t3_565	1	0	1	0	1	0	0	0	0
t3_566	1	0	0	0	0	3	3	1	0
t3_567	1	1	0	0	0	0	0	0	0
t3_568	1	0	0	0	0	1	3	1	0
t3_569	1	1	1	0	1	0	0	0	0
t3_570	3	0	0	0	0	0	0	0	0
t3_571	1	0	0	0	0	0	1	3	0
t3_572	1	0	3	0	0	1	0	0	3
t3_573	1	0	0	3	0	0	0	3	1
t3_574	1	3	0	0	0	1	0	1	0
t3_575	3	1	0	0	0	0	3	0	1
t3_576	3	1	3	0	1	3	0	0	0
t3_577	0	1	0	0	0	0	0	0	0
t3_578	1	1	0	0	0	0	0	0	0
t3_579	3	0	3	0	0	3	0	0	0
t3_580	1	0	3	0	0	1	0	0	3
t3_581	1	1	0	0	0	0	3	0	0
t3_582	1	0	0	0	0	1	0	0	0
t3_583	1	1	1	0	0	0	0	3	3
t3_584	1	0	0	0	0	1	0	1	0
t3_585	1	1	0	0	0	0	0	0	0
t3_586	1	0	3	0	0	1	0	3	0
t3_587	1	0	0	0	0	0	0	0	0
t3_588	1	0	0	0	0	1	0	1	0
t3_589	1	0	0	0	0	1	3	0	0
t3_590	1	1	1	0	1	0	0	3	0
t3_591	1	1	1	0	0	0	0	0	0
t3_592	3	1	1	0	0	0	0	0	0
t3_593	1	1	0	0	0	0	0	0	0
t3_594	1	1	1	0	0	0	0	0	3
t3_595	1	1	1	0	0	0	0	0	0
t3_596	0	0	0	0	0	0	1	0	3
t3_597	1	1	0	0	1	0	0	0	0
t3_598	1	1	0	3	0	0	3	0	0
t3_599	1	0	0	0	0	0	0	0	0
t3_600	1	0	0	3	1	0	0	0	0
