	c0	c39861	c55065	c73344	c91276	c121699	c124466	c131109	c193176	c244965	c247575	c256780	c297850	c299447
t1_1	1	0	0	0	0	0	0	0	0	0	0	0	0	0
t1_2	1	0	0	0	0	0	0	0	0	0	0	0	0	0
t1_3	1	0	0	0	0	0	0	0	0	0	0	0	0	0
t1_4	1	0	0	0	0	0	0	0	0	0	0	0	0	0
t1_5	1	0	0	0	0	0	0	0	0	0	0	0	0	0
t1_6	1	0	0	0	0	0	0	0	0	0	0	0	0	0
t1_7	1	0	0	0	0	0	0	0	0	0	0	0	0	0
t1_8	1	0	0	0	0	0	0	0	0	0	0	0	0	0
t1_9	1	0	0	0	0	0	0	0	0	0	0	0	0	0
t1_10	1	0	0	0	0	0	0	0	0	0	0	0	0	0
t1_11	1	0	0	0	0	0	0	0	0	0	0	0	0	0
t1_12	1	0	0	0	0	0	0	0	0	0	0	0	0	0
t1_13	1	0	0	0	0	0	0	0	0	0	0	0	0	0
t1_14	1	0	0	0	0	0	0	0	0	0	0	0	0	0
t1_15	1	0	0	0	0	0	0	0	0	0	0	0	0	0
t1_16	1	0	0	0	0	0	0	0	0	0	0	0	0	0
t1_17	1	0	0	0	0	0	0	0	0	0	0	0	0	0
t1_18	1	0	0	0	0	0	0	0	0	0	0	0	0	0
t1_19	1	0	0	0	0	0	0	0	0	0	0	0	0	0
t1_20	1	0	0	0	0	0	0	0	0	0	0	0	0	0
t1_21	1	0	0	0	0	0	0	0	0	0	0	0	0	0
t1_22	1	0	0	0	0	0	0	0	0	0	0	0	0	0
t1_23	1	0	0	0	0	0	0	0	0	0	0	0	0	0
t1_24	1	0	0	0	0	0	0	0	0	0	0	0	0	0
t1_25	1	0	0	0	0	0	0	0	0	0	0	0	0	0
t1_26	1	0	0	0	0	0	0	0	0	0	0	0	0	0
t1_27	1	0	0	0	0	0	0	0	0	0	0	0	0	0
t1_28	1	0	0	0	0	0	0	0	0	0	0	0	0	0
t1_29	1	0	0	0	0	0	0	0	0	0	0	0	0	0
t1_30	1	0	0	0	0	0	0	0	0	0	0	0	0	0
t1_31	1	0	0	0	0	0	0	0	0	0	0	0	0	0
t1_32	1	0	0	0	0	0	0	0	0	0	0	0	0	0
t1_33	1	0	0	0	0	0	0	0	0	0	0	0	0	0
t1_34	1	0	0	0	0	0	0	0	0	0	0	0	0	0
t1_35	1	0	0	0	0	0	0	0	0	0	0	0	0	0
t1_36	1	0	0	0	0	0	0	0	0	0	0	0	0	0
t1_37	1	0	0	0	0	0	0	0	0	0	0	0	0	0
t1_38	1	0	0	0	0	0	0	0	0	0	0	0	0	0
t1_39	1	0	0	0	0	0	0	0	0	0	0	0	0	0
t1_40	1	0	0	0	0	0	0	0	0	0	0	0	0	0
t1_41	1	0	0	0	0	0	0	0	0	0	0	0	0	0
t1_42	1	0	0	0	0	0	0	0	0	0	0	0	0	0
t1_43	1	0	0	0	0	0	0	0	0	0	0	0	0	0
t1_44	1	0	0	0	0	0	0	0	0	0	0	0	0	0
t1_45	1	0	0	0	0	0	0	0	0	0	0	0	0	0
t1_46	1	0	0	0	0	0	0	0	0	0	0	0	0	0
t1_47	1	0	0	0	0	0	0	0	0	0	0	0	0	0
t1_48	1	0	0	0	0	0	0	0	0	0	0	0	0	0
t1_49	1	0	0	0	0	0	0	0	0	0	0	0	0	0
t1_50	1	0	0	0	0	0	0	0	0	0	0	0	0	0
t1_51	1	0	0	0	0	0	0	0	0	0	0	0	0	0
t1_52	1	0	0	0	0	0	0	0	0	0	0	0	0	0
t1_53	1	0	0	0	0	0	0	0	0	0	0	0	0	0
t1_54	1	0	0	0	0	0	0	0	0	0	0	0	0	0
t1_55	1	0	0	0	0	0	0	0	0	0	0	0	0	0
t1_56	1	0	0	0	0	0	0	0	0	0	0	0	0	0
t1_57	1	0	0	0	0	0	0	0	0	0	0	0	0	0
t1_58	1	0	0	0	0	0	0	0	0	0	0	0	0	0
t1_59	1	0	0	0	0	0	0	0	0	0	0	0	0	0
t1_60	1	0	0	0	0	0	0	0	0	0	0	0	0	0
t1_61	1	0	0	0	0	0	0	0	0	0	0	0	0	0
t1_62	1	0	0	0	0	0	0	0	0	0	0	0	0	0
t1_63	1	0	0	0	0	0	0	0	0	0	0	0	0	0
t1_64	1	0	0	0	0	0	0	0	0	0	0	0	0	0
t1_65	1	0	0	0	0	0	0	0	0	0	0	0	0	0
t1_66	1	0	0	0	0	0	0	0	0	0	0	0	0	0
t1_67	1	0	0	0	0	0	0	0	0	0	0	0	0	0
t1_68	1	0	0	0	0	0	0	0	0	0	0	0	0	0
t1_69	1	0	0	0	0	0	0	0	0	0	0	0	0	0
t1_70	1	0	0	0	0	0	0	0	0	0	0	0	0	0
t1_71	1	0	0	0	0	0	0	0	0	0	0	0	0	0
t1_72	1	0	0	0	0	0	0	0	0	0	0	0	0	0
t1_73	1	0	0	0	0	0	0	0	0	0	0	0	0	0
t1_74	1	0	0	0	0	0	0	0	0	0	0	0	0	0
t1_75	1	0	0	0	0	0	0	0	0	0	0	0	0	0
t1_76	1	0	0	0	0	0	0	0	0	0	0	0	0	0
t1_77	1	0	0	0	0	0	0	0	0	0	0	0	0	0
t1_78	1	0	0	0	0	0	0	0	0	0	0	0	0	0
t1_79	1	0	0	0	0	0	0	0	0	0	0	0	0	0
t1_80	1	0	0	0	0	0	0	0	0	0	0	0	0	0
t1_81	1	0	0	0	0	0	0	0	0	0	0	0	0	0
t1_82	1	0	0	0	0	0	0	0	0	0	0	0	0	0
t1_83	1	0	0	0	0	0	0	0	0	0	0	0	0	0
t1_84	1	0	0	0	0	0	0	0	0	0	0	0	0	0
t1_85	1	0	0	0	0	0	0	0	0	0	0	0	0	0
t1_86	1	0	0	0	0	0	0	0	0	0	0	0	0	0
t1_87	1	0	0	0	0	0	0	0	0	0	0	0	0	0
t1_88	1	0	0	0	0	0	0	0	0	0	0	0	0	0
t1_89	1	0	0	0	0	0	0	0	0	0	0	0	0	0
t1_90	1	0	0	0	0	0	0	0	0	0	0	0	0	0
t1_91	1	0	0	0	0	0	0	0	0	0	0	0	0	0
t1_92	1	0	0	0	0	0	0	0	0	0	0	0	0	0
t1_93	1	0	0	0	0	0	0	0	0	0	0	0	0	0
t1_94	1	0	0	0	0	0	0	0	0	0	0	0	0	0
t1_95	1	0	0	0	0	0	0	0	0	0	0	0	0	0
t1_96	1	0	0	0	0	0	0	0	0	0	0	0	0	0
t1_97	1	0	0	0	0	0	0	0	0	0	0	0	0	0
t1_98	1	0	0	0	0	0	0	0	0	0	0	0	0	0
t1_99	1	0	0	0	0	0	0	0	0	0	0	0	0	0
t1_100	1	0	0	0	0	0	0	0	0	0	0	0	0	0
t1_101	1	0	0	0	0	0	0	0	0	0	0	0	0	0
t1_102	1	0	0	0	0	0	0	0	0	0	0	0	0	0
t1_103	1	0	0	0	0	0	0	0	0	0	0	0	0	0
t1_104	1	0	0	0	0	0	0	0	0	0	0	0	0	0
t1_105	1	0	0	0	0	0	0	0	0	0	0	0	0	0
t1_106	1	0	0	0	0	0	0	0	0	0	0	0	0	0
t1_107	1	0	0	0	0	0	0	0	0	0	0	0	0	0
t1_108	1	0	0	0	0	0	0	0	0	0	0	0	0	0
t1_109	1	0	0	0	0	0	0	0	0	0	0	0	0	0
t1_110	1	0	0	0	0	0	0	0	0	0	0	0	0	0
t1_111	1	0	0	0	0	0	0	0	0	0	0	0	0	0
t1_112	1	0	0	0	0	0	0	0	0	0	0	0	0	0
t1_113	1	0	0	0	0	0	0	0	0	0	0	0	0	0
t1_114	1	0	0	0	0	0	0	0	0	0	0	0	0	0
t1_115	1	0	0	0	0	0	0	0	0	0	0	0	0	0
t1_116	1	0	0	0	0	0	0	0	0	0	0	0	0	0
t1_117	1	0	0	0	0	0	0	0	0	0	0	0	0	0
t1_118	1	0	0	0	0	0	0	0	0	0	0	0	0	0
t1_119	1	0	0	0	0	0	0	0	0	0	0	0	0	0
t1_120	1	0	0	0	0	0	0	0	0	0	0	0	0	0
t1_121	1	0	0	0	0	0	0	0	0	0	0	0	0	0
t1_122	1	0	0	0	0	0	0	0	0	0	0	0	0	0
t1_123	1	0	0	0	0	0	0	0	0	0	0	0	0	0
t1_124	1	0	0	0	0	0	0	0	0	0	0	0	0	0
t1_125	1	0	0	0	0	0	0	0	0	0	0	0	0	0
t1_126	1	0	0	0	0	0	0	0	0	0	0	0	0	0
t1_127	1	0	0	0	0	0	0	0	0	0	0	0	0	0
t1_128	1	0	0	0	0	0	0	0	0	0	0	0	0	0
t1_129	1	0	0	0	0	0	0	0	0	0	0	0	0	0
t1_130	1	0	0	0	0	0	0	0	0	0	0	0	0	0
t1_131	1	0	0	0	0	0	0	0	0	0	0	0	0	0
t1_132	1	0	0	0	0	0	0	0	0	0	0	0	0	0
t1_133	1	0	0	0	0	0	0	0	0	0	0	0	0	0
t1_134	1	0	0	0	0	0	0	0	0	0	0	0	0	0
t1_135	1	0	0	0	0	0	0	0	0	0	0	0	0	0
t1_136	1	0	0	0	0	0	0	0	0	0	0	0	0	0
t1_137	1	0	0	0	0	0	0	0	0	0	0	0	0	0
t1_138	1	0	0	0	0	0	0	0	0	0	0	0	0	0
t1_139	1	0	0	0	0	0	0	0	0	0	0	0	0	0
t1_140	1	0	0	0	0	0	0	0	0	0	0	0	0	0
t1_141	1	0	0	0	0	0	0	0	0	0	0	0	0	0
t1_142	1	0	0	0	0	0	0	0	0	0	0	0	0	0
t1_143	1	0	0	0	0	0	0	0	0	0	0	0	0	0
t1_144	1	0	0	0	0	0	0	0	0	0	0	0	0	0
t1_145	1	0	0	0	0	0	0	0	0	0	0	0	0	0
t1_146	1	0	0	0	0	0	0	0	0	0	0	0	0	0
t1_147	1	0	0	0	0	0	0	0	0	0	0	0	0	0
t1_148	1	0	0	0	0	0	0	0	0	0	0	0	0	0
t1_149	1	0	0	0	0	0	0	0	0	0	0	0	0	0
t1_150	1	0	0	0	0	0	0	0	0	0	0	0	0	0
t1_151	1	0	0	0	0	0	0	0	0	0	0	0	0	0
t1_152	1	0	0	0	0	0	0	0	0	0	0	0	0	0
t1_153	1	0	0	0	0	0	0	0	0	0	0	0	0	0
t1_154	1	0	0	0	0	0	0	0	0	0	0	0	0	0
t1_155	1	0	0	0	0	0	0	0	0	0	0	0	0	0
t1_156	1	0	0	0	0	0	0	0	0	0	0	0	0	0
t1_157	1	0	0	0	0	0	0	0	0	0	0	0	0	0
t1_158	1	0	0	0	0	0	0	0	0	0	0	0	0	0
t1_159	1	0	0	0	0	0	0	0	0	0	0	0	0	0
t1_160	1	0	0	0	0	0	0	0	0	0	0	0	0	0
t1_161	1	0	0	0	0	0	0	0	0	0	0	0	0	0
t1_162	1	0	0	0	0	0	0	0	0	0	0	0	0	0
t1_163	1	0	0	0	0	0	0	0	0	0	0	0	0	0
t1_164	1	0	0	0	0	0	0	0	0	0	0	0	0	0
t1_165	1	0	0	0	0	0	0	0	0	0	0	0	0	0
t1_166	1	0	0	0	0	0	0	0	0	0	0	0	0	0
t1_167	1	0	0	0	0	0	0	0	0	0	0	0	0	0
t1_168	1	0	0	0	0	0	0	0	0	0	0	0	0	0
t1_169	1	0	0	0	0	0	0	0	0	0	0	0	0	0
t1_170	1	0	0	0	0	0	0	0	0	0	0	0	0	0
t1_171	1	0	0	0	0	0	0	0	0	0	0	0	0	0
t1_172	1	0	0	0	0	0	0	0	0	0	0	0	0	0
t1_173	1	0	0	0	0	0	0	0	0	0	0	0	0	0
t1_174	1	0	0	0	0	0	0	0	0	0	0	0	0	0
t1_175	1	0	0	0	0	0	0	0	0	0	0	0	0	0
t1_176	1	0	0	0	0	0	0	0	0	0	0	0	0	0
t1_177	1	0	0	0	0	0	0	0	0	0	0	0	0	0
t1_178	1	0	0	0	0	0	0	0	0	0	0	0	0	0
t1_179	1	0	0	0	0	0	0	0	0	0	0	0	0	0
t1_180	1	0	0	0	0	0	0	0	0	0	0	0	0	0
t1_181	1	0	0	0	0	0	0	0	0	0	0	0	0	0
t1_182	1	0	0	0	0	0	0	0	0	0	0	0	0	0
t1_183	1	0	0	0	0	0	0	0	0	0	0	0	0	0
t1_184	1	0	0	0	0	0	0	0	0	0	0	0	0	0
t1_185	1	0	0	0	0	0	0	0	0	0	0	0	0	0
t1_186	1	0	0	0	0	0	0	0	0	0	0	0	0	0
t1_187	1	0	0	0	0	0	0	0	0	0	0	0	0	0
t1_188	1	0	0	0	0	0	0	0	0	0	0	0	0	0
t1_189	1	0	0	0	0	0	0	0	0	0	0	0	0	0
t1_190	1	0	0	0	0	0	0	0	0	0	0	0	0	0
t1_191	1	0	0	0	0	0	0	0	0	0	0	0	0	0
t1_192	1	0	0	0	0	0	0	0	0	0	0	0	0	0
t1_193	1	0	0	0	0	0	0	0	0	0	0	0	0	0
t1_194	1	0	0	0	0	0	0	0	0	0	0	0	0	0
t1_195	1	0	0	0	0	0	0	0	0	0	0	0	0	0
t1_196	1	0	0	0	0	0	0	0	0	0	0	0	0	0
t1_197	1	0	0	0	0	0	0	0	0	0	0	0	0	0
t1_198	1	0	0	0	0	0	0	0	0	0	0	0	0	0
t1_199	1	0	0	0	0	0	0	0	0	0	0	0	0	0
t1_200	1	0	0	0	0	0	0	0	0	0	0	0	0	0
t1_201	1	0	0	0	0	0	0	0	0	0	0	0	0	0
t1_202	1	0	0	0	0	0	0	0	0	0	0	0	0	0
t1_203	1	0	0	0	0	0	0	0	0	0	0	0	0	0
t1_204	1	0	0	0	0	0	0	0	0	0	0	0	0	0
t1_205	1	0	0	0	0	0	0	0	0	0	0	0	0	0
t1_206	1	0	0	0	0	0	0	0	0	0	0	0	0	0
t1_207	1	0	0	0	0	0	0	0	0	0	0	0	0	0
t1_208	1	0	0	0	0	0	0	0	0	0	0	0	0	0
t1_209	1	0	0	0	0	0	0	0	0	0	0	0	0	0
t1_210	1	0	0	0	0	0	0	0	0	0	0	0	0	0
t1_211	1	0	0	0	0	0	0	0	0	0	0	0	0	0
t1_212	1	0	0	0	0	0	0	0	0	0	0	0	0	0
t1_213	1	0	0	0	0	0	0	0	0	0	0	0	0	0
t1_214	1	0	0	0	0	0	0	0	0	0	0	0	0	0
t1_215	1	0	0	0	0	0	0	0	0	0	0	0	0	0
t1_216	1	0	0	0	0	0	0	0	0	0	0	0	0	0
t1_217	1	0	0	0	0	0	0	0	0	0	0	0	0	0
t1_218	1	0	0	0	0	0	0	0	0	0	0	0	0	0
t1_219	1	0	0	0	0	0	0	0	0	0	0	0	0	0
t1_220	1	0	0	0	0	0	0	0	0	0	0	0	0	0
t1_221	1	0	0	0	0	0	0	0	0	0	0	0	0	0
t1_222	1	0	0	0	0	0	0	0	0	0	0	0	0	0
t1_223	1	0	0	0	0	0	0	0	0	0	0	0	0	0
t1_224	1	0	0	0	0	0	0	0	0	0	0	0	0	0
t1_225	1	0	0	0	0	0	0	0	0	0	0	0	0	0
t1_226	1	0	0	0	0	0	0	0	0	0	0	0	0	0
t1_227	1	0	0	0	0	0	0	0	0	0	0	0	0	0
t1_228	1	0	0	0	0	0	0	0	0	0	0	0	0	0
t1_229	1	0	0	0	0	0	0	0	0	0	0	0	0	0
t1_230	1	0	0	0	0	0	0	0	0	0	0	0	0	0
t1_231	1	0	0	0	0	0	0	0	0	0	0	0	0	0
t1_232	1	0	0	0	0	0	0	0	0	0	0	0	0	0
t1_233	1	0	0	0	0	0	0	0	0	0	0	0	0	0
t1_234	1	0	0	0	0	0	0	0	0	0	0	0	0	0
t1_235	1	0	0	0	0	0	0	0	0	0	0	0	0	0
t1_236	1	0	0	0	0	0	0	0	0	0	0	0	0	0
t1_237	1	0	0	0	0	0	0	0	0	0	0	0	0	0
t1_238	1	0	0	0	0	0	0	0	0	0	0	0	0	0
t1_239	1	0	0	0	0	0	0	0	0	0	0	0	0	0
t1_240	1	0	0	0	0	0	0	0	0	0	0	0	0	0
t1_241	1	0	0	0	0	0	0	0	0	0	0	0	0	0
t1_242	1	0	0	0	0	0	0	0	0	0	0	0	0	0
t1_243	1	0	0	0	0	0	0	0	0	0	0	0	0	0
t1_244	1	0	0	0	0	0	0	0	0	0	0	0	0	0
t1_245	1	0	0	0	0	0	0	0	0	0	0	0	0	0
t1_246	1	0	0	0	0	0	0	0	0	0	0	0	0	0
t1_247	1	0	0	0	0	0	0	0	0	0	0	0	0	0
t1_248	1	0	0	0	0	0	0	0	0	0	0	0	0	0
t1_249	1	0	0	0	0	0	0	0	0	0	0	0	0	0
t1_250	1	0	0	0	0	0	0	0	0	0	0	0	0	0
t1_251	1	0	0	0	0	0	0	0	0	0	0	0	0	0
t1_252	1	0	0	0	0	0	0	0	0	0	0	0	0	0
t1_253	1	0	0	0	0	0	0	0	0	0	0	0	0	0
t1_254	1	0	0	0	0	0	0	0	0	0	0	0	0	0
t1_255	1	0	0	0	0	0	0	0	0	0	0	0	0	0
t1_256	1	0	0	0	0	0	0	0	0	0	0	0	0	0
t1_257	1	0	0	0	0	0	0	0	0	0	0	0	0	0
t1_258	1	0	0	0	0	0	0	0	0	0	0	0	0	0
t1_259	1	0	0	0	0	0	0	0	0	0	0	0	0	0
t1_260	1	0	0	0	0	0	0	0	0	0	0	0	0	0
t1_261	1	0	0	0	0	0	0	0	0	0	0	0	0	0
t1_262	1	0	0	0	0	0	0	0	0	0	0	0	0	0
t1_263	1	0	0	0	0	0	0	0	0	0	0	0	0	0
t1_264	1	0	0	0	0	0	0	0	0	0	0	0	0	0
t1_265	1	0	0	0	0	0	0	0	0	0	0	0	0	0
t1_266	1	0	0	0	0	0	0	0	0	0	0	0	0	0
t1_267	1	0	0	0	0	0	0	0	0	0	0	0	0	0
t1_268	1	0	0	0	0	0	0	0	0	0	0	0	0	0
t1_269	1	0	0	0	0	0	0	0	0	0	0	0	0	0
t1_270	1	0	0	0	0	0	0	0	0	0	0	0	0	0
t1_271	1	0	0	0	0	0	0	0	0	0	0	0	0	0
t1_272	1	0	0	0	0	0	0	0	0	0	0	0	0	0
t1_273	1	0	0	0	0	0	0	0	0	0	0	0	0	0
t1_274	1	0	0	0	0	0	0	0	0	0	0	0	0	0
t1_275	1	0	0	0	0	0	0	0	0	0	0	0	0	0
t1_276	1	0	0	0	0	0	0	0	0	0	0	0	0	0
t1_277	1	0	0	0	0	0	0	0	0	0	0	0	0	0
t1_278	1	0	0	0	0	0	0	0	0	0	0	0	0	0
t1_279	1	0	0	0	0	0	0	0	0	0	0	0	0	0
t1_280	1	0	0	0	0	0	0	0	0	0	0	0	0	0
t1_281	1	0	0	0	0	0	0	0	0	0	0	0	0	0
t1_282	1	0	0	0	0	0	0	0	0	0	0	0	0	0
t1_283	1	0	0	0	0	0	0	0	0	0	0	0	0	0
t1_284	1	0	0	0	0	0	0	0	0	0	0	0	0	0
t1_285	1	0	0	0	0	0	0	0	0	0	0	0	0	0
t1_286	1	0	0	0	0	0	0	0	0	0	0	0	0	0
t1_287	1	0	0	0	0	0	0	0	0	0	0	0	0	0
t1_288	1	0	0	0	0	0	0	0	0	0	0	0	0	0
t1_289	1	0	0	0	0	0	0	0	0	0	0	0	0	0
t1_290	1	0	0	0	0	0	0	0	0	0	0	0	0	0
t1_291	1	0	0	0	0	0	0	0	0	0	0	0	0	0
t1_292	1	0	0	0	0	0	0	0	0	0	0	0	0	0
t1_293	1	0	0	0	0	0	0	0	0	0	0	0	0	0
t1_294	1	0	0	0	0	0	0	0	0	0	0	0	0	0
t1_295	1	0	0	0	0	0	0	0	0	0	0	0	0	0
t1_296	1	0	0	0	0	0	0	0	0	0	0	0	0	0
t1_297	1	0	0	0	0	0	0	0	0	0	0	0	0	0
t1_298	1	0	0	0	0	0	0	0	0	0	0	0	0	0
t1_299	1	0	0	0	0	0	0	0	0	0	0	0	0	0
t1_300	1	0	0	0	0	0	0	0	0	0	0	0	0	0
t1_301	1	0	0	0	0	0	0	0	0	0	0	0	0	0
t1_302	1	0	0	0	0	0	0	0	0	0	0	0	0	0
t1_303	1	0	0	0	0	0	0	0	0	0	0	0	0	0
t1_304	1	0	0	0	0	0	0	0	0	0	0	0	0	0
t1_305	1	0	0	0	0	0	0	0	0	0	0	0	0	0
t1_306	1	0	0	0	0	0	0	0	0	0	0	0	0	0
t1_307	1	0	0	0	0	0	0	0	0	0	0	0	0	0
t1_308	1	0	0	0	0	0	0	0	0	0	0	0	0	0
t1_309	1	0	0	0	0	0	0	0	0	0	0	0	0	0
t1_310	1	0	0	0	0	0	0	0	0	0	0	0	0	0
t1_311	1	0	0	0	0	0	0	0	0	0	0	0	0	0
t1_312	1	0	0	0	0	0	0	0	0	0	0	0	0	0
t1_313	1	0	0	0	0	0	0	0	0	0	0	0	0	0
t1_314	1	0	0	0	0	0	0	0	0	0	0	0	0	0
t1_315	1	0	0	0	0	0	0	0	0	0	0	0	0	0
t1_316	1	0	0	0	0	0	0	0	0	0	0	0	0	0
t1_317	1	0	0	0	0	0	0	0	0	0	0	0	0	0
t1_318	1	0	0	0	0	0	0	0	0	0	0	0	0	0
t1_319	1	0	0	0	0	0	0	0	0	0	0	0	0	0
t1_320	1	0	0	0	0	0	0	0	0	0	0	0	0	0
t1_321	1	0	0	0	0	0	0	0	0	0	0	0	0	0
t1_322	1	0	0	0	0	0	0	0	0	0	0	0	0	0
t1_323	1	0	0	0	0	0	0	0	0	0	0	0	0	0
t1_324	1	0	0	0	0	0	0	0	0	0	0	0	0	0
t1_325	1	0	0	0	0	0	0	0	0	0	0	0	0	0
t1_326	1	0	0	0	0	0	0	0	0	0	0	0	0	0
t1_327	1	0	0	0	0	0	0	0	0	0	0	0	0	0
t1_328	1	0	0	0	0	0	0	0	0	0	0	0	0	0
t1_329	1	0	0	0	0	0	0	0	0	0	0	0	0	0
t1_330	1	0	0	0	0	0	0	0	0	0	0	0	0	0
t1_331	1	0	0	0	0	0	0	0	0	0	0	0	0	0
t1_332	1	0	0	0	0	0	0	0	0	0	0	0	0	0
t1_333	1	0	0	0	0	0	0	0	0	0	0	0	0	0
t1_334	1	0	0	0	0	0	0	0	0	0	0	0	0	0
t1_335	1	0	0	0	0	0	0	0	0	0	0	0	0	0
t1_336	1	0	0	0	0	0	0	0	0	0	0	0	0	0
t1_337	1	0	0	0	0	0	0	0	0	0	0	0	0	0
t1_338	1	0	0	0	0	0	0	0	0	0	0	0	0	0
t1_339	1	0	0	0	0	0	0	0	0	0	0	0	0	0
t1_340	1	0	0	0	0	0	0	0	0	0	0	0	0	0
t1_341	1	0	0	0	0	0	0	0	0	0	0	0	0	0
t1_342	1	0	0	0	0	0	0	0	0	0	0	0	0	0
t1_343	1	0	0	0	0	0	0	0	0	0	0	0	0	0
t1_344	1	0	0	0	0	0	0	0	0	0	0	0	0	0
t1_345	1	0	0	0	0	0	0	0	0	0	0	0	0	0
t1_346	1	0	0	0	0	0	0	0	0	0	0	0	0	0
t1_347	1	0	0	0	0	0	0	0	0	0	0	0	0	0
t1_348	1	0	0	0	0	0	0	0	0	0	0	0	0	0
t1_349	1	0	0	0	0	0	0	0	0	0	0	0	0	0
t1_350	1	0	0	0	0	0	0	0	0	0	0	0	0	0
t1_351	1	0	0	0	0	0	0	0	0	0	0	0	0	0
t1_352	1	0	0	0	0	0	0	0	0	0	0	0	0	0
t1_353	1	0	0	0	0	0	0	0	0	0	0	0	0	0
t1_354	1	0	0	0	0	0	0	0	0	0	0	0	0	0
t1_355	1	0	0	0	0	0	0	0	0	0	0	0	0	0
t1_356	1	0	0	0	0	0	0	0	0	0	0	0	0	0
t1_357	1	0	0	0	0	0	0	0	0	0	0	0	0	0
t1_358	1	0	0	0	0	0	0	0	0	0	0	0	0	0
t1_359	1	0	0	0	0	0	0	0	0	0	0	0	0	0
t1_360	1	0	0	0	0	0	0	0	0	0	0	0	0	0
t1_361	1	0	0	0	0	0	0	0	0	0	0	0	0	0
t1_362	1	0	0	0	0	0	0	0	0	0	0	0	0	0
t1_363	1	0	0	0	0	0	0	0	0	0	0	0	0	0
t1_364	1	0	0	0	0	0	0	0	0	0	0	0	0	0
t1_365	1	0	0	0	0	0	0	0	0	0	0	0	0	0
t1_366	1	0	0	0	0	0	0	0	0	0	0	0	0	0
t1_367	1	0	0	0	0	0	0	0	0	0	0	0	0	0
t1_368	1	0	0	0	0	0	0	0	0	0	0	0	0	0
t1_369	1	0	0	0	0	0	0	0	0	0	0	0	0	0
t1_370	1	0	0	0	0	0	0	0	0	0	0	0	0	0
t1_371	1	0	0	0	0	0	0	0	0	0	0	0	0	0
t1_372	1	0	0	0	0	0	0	0	0	0	0	0	0	0
t1_373	1	0	0	0	0	0	0	0	0	0	0	0	0	0
t1_374	1	0	0	0	0	0	0	0	0	0	0	0	0	0
t1_375	1	0	0	0	0	0	0	0	0	0	0	0	0	0
t1_376	1	0	0	0	0	0	0	0	0	0	0	0	0	0
t1_377	1	0	0	0	0	0	0	0	0	0	0	0	0	0
t1_378	1	0	0	0	0	0	0	0	0	0	0	0	0	0
t1_379	1	0	0	0	0	0	0	0	0	0	0	0	0	0
t1_380	1	0	0	0	0	0	0	0	0	0	0	0	0	0
t1_381	1	0	0	0	0	0	0	0	0	0	0	0	0	0
t1_382	1	0	0	0	0	0	0	0	0	0	0	0	0	0
t1_383	1	0	0	0	0	0	0	0	0	0	0	0	0	0
t1_384	1	0	0	0	0	0	0	0	0	0	0	0	0	0
t1_385	1	0	0	0	0	0	0	0	0	0	0	0	0	0
t1_386	1	0	0	0	0	0	0	0	0	0	0	0	0	0
t1_387	1	0	0	0	0	0	0	0	0	0	0	0	0	0
t1_388	1	0	0	0	0	0	0	0	0	0	0	0	0	0
t1_389	1	0	0	0	0	0	0	0	0	0	0	0	0	0
t1_390	1	0	0	0	0	0	0	0	0	0	0	0	0	0
t1_391	1	0	0	0	0	0	0	0	0	0	0	0	0	0
t1_392	1	0	0	0	0	0	0	0	0	0	0	0	0	0
t1_393	1	0	0	0	0	0	0	0	0	0	0	0	0	0
t1_394	1	0	0	0	0	0	0	0	0	0	0	0	0	0
t1_395	1	0	0	0	0	0	0	0	0	0	0	0	0	0
t1_396	1	0	0	0	0	0	0	0	0	0	0	0	0	0
t1_397	1	0	0	0	0	0	0	0	0	0	0	0	0	0
t1_398	1	0	0	0	0	0	0	0	0	0	0	0	0	0
t1_399	1	0	0	0	0	0	0	0	0	0	0	0	0	0
t1_400	1	0	0	0	0	0	0	0	0	0	0	0	0	0
t1_401	1	0	0	0	0	0	0	0	0	0	0	0	0	0
t1_402	1	0	0	0	0	0	0	0	0	0	0	0	0	0
t1_403	1	0	0	0	0	0	0	0	0	0	0	0	0	0
t1_404	1	0	0	0	0	0	0	0	0	0	0	0	0	0
t1_405	1	0	0	0	0	0	0	0	0	0	0	0	0	0
t1_406	1	0	0	0	0	0	0	0	0	0	0	0	0	0
t1_407	1	0	0	0	0	0	0	0	0	0	0	0	0	0
t1_408	1	0	0	0	0	0	0	0	0	0	0	0	0	0
t1_409	1	0	0	0	0	0	0	0	0	0	0	0	0	0
t1_410	1	0	0	0	0	0	0	0	0	0	0	0	0	0
t1_411	1	0	0	0	0	0	0	0	0	0	0	0	0	0
t1_412	1	0	0	0	0	0	0	0	0	0	0	0	0	0
t1_413	1	0	0	0	0	0	0	0	0	0	0	0	0	0
t1_414	1	0	0	0	0	0	0	0	0	0	0	0	0	0
t1_415	1	0	0	0	0	0	0	0	0	0	0	0	0	0
t1_416	1	0	0	0	0	0	0	0	0	0	0	0	0	0
t1_417	1	0	0	0	0	0	0	0	0	0	0	0	0	0
t1_418	1	0	0	0	0	0	0	0	0	0	0	0	0	0
t1_419	1	0	0	0	0	0	0	0	0	0	0	0	0	0
t1_420	1	0	0	0	0	0	0	0	0	0	0	0	0	0
t1_421	1	0	0	0	0	0	0	0	0	0	0	0	0	0
t1_422	1	0	0	0	0	0	0	0	0	0	0	0	0	0
t1_423	1	0	0	0	0	0	0	0	0	0	0	0	0	0
t1_424	1	0	0	0	0	0	0	0	0	0	0	0	0	0
t1_425	1	0	0	0	0	0	0	0	0	0	0	0	0	0
t1_426	1	0	0	0	0	0	0	0	0	0	0	0	0	0
t1_427	1	0	0	0	0	0	0	0	0	0	0	0	0	0
t1_428	1	0	0	0	0	0	0	0	0	0	0	0	0	0
t1_429	1	0	0	0	0	0	0	0	0	0	0	0	0	0
t1_430	1	0	0	0	0	0	0	0	0	0	0	0	0	0
t1_431	1	0	0	0	0	0	0	0	0	0	0	0	0	0
t1_432	1	0	0	0	0	0	0	0	0	0	0	0	0	0
t1_433	1	0	0	0	0	0	0	0	0	0	0	0	0	0
t1_434	1	0	0	0	0	0	0	0	0	0	0	0	0	0
t1_435	1	0	0	0	0	0	0	0	0	0	0	0	0	0
t1_436	1	0	0	0	0	0	0	0	0	0	0	0	0	0
t1_437	1	0	0	0	0	0	0	0	0	0	0	0	0	0
t1_438	1	0	0	0	0	0	0	0	0	0	0	0	0	0
t1_439	1	0	0	0	0	0	0	0	0	0	0	0	0	0
t1_440	1	0	0	0	0	0	0	0	0	0	0	0	0	0
t1_441	1	0	0	0	0	0	0	0	0	0	0	0	0	0
t1_442	1	0	0	0	0	0	0	0	0	0	0	0	0	0
t1_443	1	0	0	0	0	0	0	0	0	0	0	0	0	0
t1_444	1	0	0	0	0	0	0	0	0	0	0	0	0	0
t1_445	1	0	0	0	0	0	0	0	0	0	0	0	0	0
t1_446	1	0	0	0	0	0	0	0	0	0	0	0	0	0
t1_447	1	0	0	0	0	0	0	0	0	0	0	0	0	0
t1_448	1	0	0	0	0	0	0	0	0	0	0	0	0	0
t1_449	1	0	0	0	0	0	0	0	0	0	0	0	0	0
t1_450	1	0	0	0	0	0	0	0	0	0	0	0	0	0
t1_451	1	0	0	0	0	0	0	0	0	0	0	0	0	0
t1_452	1	0	0	0	0	0	0	0	0	0	0	0	0	0
t1_453	1	0	0	0	0	0	0	0	0	0	0	0	0	0
t1_454	1	0	0	0	0	0	0	0	0	0	0	0	0	0
t1_455	1	0	0	0	0	0	0	0	0	0	0	0	0	0
t1_456	1	0	0	0	0	0	0	0	0	0	0	0	0	0
t1_457	1	0	0	0	0	0	0	0	0	0	0	0	0	0
t1_458	1	0	0	0	0	0	0	0	0	0	0	0	0	0
t1_459	1	0	0	0	0	0	0	0	0	0	0	0	0	0
t1_460	1	0	0	0	0	0	0	0	0	0	0	0	0	0
t1_461	1	0	0	0	0	0	0	0	0	0	0	0	0	0
t1_462	1	0	0	0	0	0	0	0	0	0	0	0	0	0
t1_463	1	0	0	0	0	0	0	0	0	0	0	0	0	0
t1_464	1	0	0	0	0	0	0	0	0	0	0	0	0	0
t1_465	1	0	0	0	0	0	0	0	0	0	0	0	0	0
t1_466	1	0	0	0	0	0	0	0	0	0	0	0	0	0
t1_467	1	0	0	0	0	0	0	0	0	0	0	0	0	0
t1_468	1	0	0	0	0	0	0	0	0	0	0	0	0	0
t1_469	1	0	0	0	0	0	0	0	0	0	0	0	0	0
t1_470	1	0	0	0	0	0	0	0	0	0	0	0	0	0
t1_471	1	0	0	0	0	0	0	0	0	0	0	0	0	0
t1_472	1	0	0	0	0	0	0	0	0	0	0	0	0	0
t1_473	1	0	0	0	0	0	0	0	0	0	0	0	0	0
t1_474	1	0	0	0	0	0	0	0	0	0	0	0	0	0
t1_475	1	0	0	0	0	0	0	0	0	0	0	0	0	0
t1_476	1	0	0	0	0	0	0	0	0	0	0	0	0	0
t1_477	1	0	0	0	0	0	0	0	0	0	0	0	0	0
t1_478	1	0	0	0	0	0	0	0	0	0	0	0	0	0
t1_479	1	0	0	0	0	0	0	0	0	0	0	0	0	0
t1_480	1	0	0	0	0	0	0	0	0	0	0	0	0	0
t1_481	1	0	0	0	0	0	0	0	0	0	0	0	0	0
t1_482	1	0	0	0	0	0	0	0	0	0	0	0	0	0
t1_483	1	0	0	0	0	0	0	0	0	0	0	0	0	0
t1_484	1	0	0	0	0	0	0	0	0	0	0	0	0	0
t1_485	1	0	0	0	0	0	0	0	0	0	0	0	0	0
t1_486	1	0	0	0	0	0	0	0	0	0	0	0	0	0
t1_487	1	0	0	0	0	0	0	0	0	0	0	0	0	0
t1_488	1	0	0	0	0	0	0	0	0	0	0	0	0	0
t1_489	1	0	0	0	0	0	0	0	0	0	0	0	0	0
t1_490	1	0	0	0	0	0	0	0	0	0	0	0	0	0
t1_491	1	0	0	0	0	0	0	0	0	0	0	0	0	0
t1_492	1	0	0	0	0	0	0	0	0	0	0	0	0	0
t1_493	1	0	0	0	0	0	0	0	0	0	0	0	0	0
t1_494	1	0	0	0	0	0	0	0	0	0	0	0	0	0
t1_495	1	0	0	0	0	0	0	0	0	0	0	0	0	0
t1_496	1	0	0	0	0	0	0	0	0	0	0	0	0	0
t1_497	1	0	0	0	0	0	0	0	0	0	0	0	0	0
t1_498	1	0	0	0	0	0	0	0	0	0	0	0	0	0
t1_499	1	0	0	0	0	0	0	0	0	0	0	0	0	0
t1_500	1	0	0	0	0	0	0	0	0	0	0	0	0	0
t1_501	1	0	0	0	0	0	0	0	0	0	0	0	0	0
t1_502	1	0	0	0	0	0	0	0	0	0	0	0	0	0
t1_503	1	0	0	0	0	0	0	0	0	0	0	0	0	0
t1_504	1	0	0	0	0	0	0	0	0	0	0	0	0	0
t1_505	1	0	0	0	0	0	0	0	0	0	0	0	0	0
t1_506	1	0	0	0	0	0	0	0	0	0	0	0	0	0
t1_507	1	0	0	0	0	0	0	0	0	0	0	0	0	0
t1_508	1	0	0	0	0	0	0	0	0	0	0	0	0	0
t1_509	1	0	0	0	0	0	0	0	0	0	0	0	0	0
t1_510	1	0	0	0	0	0	0	0	0	0	0	0	0	0
t1_511	1	0	0	0	0	0	0	0	0	0	0	0	0	0
t1_512	1	0	0	0	0	0	0	0	0	0	0	0	0	0
t1_513	1	0	0	0	0	0	0	0	0	0	0	0	0	0
t1_514	1	0	0	0	0	0	0	0	0	0	0	0	0	0
t1_515	1	0	0	0	0	0	0	0	0	0	0	0	0	0
t1_516	1	0	0	0	0	0	0	0	0	0	0	0	0	0
t1_517	1	0	0	0	0	0	0	0	0	0	0	0	0	0
t1_518	1	0	0	0	0	0	0	0	0	0	0	0	0	0
t1_519	1	0	0	0	0	0	0	0	0	0	0	0	0	0
t1_520	1	0	0	0	0	0	0	0	0	0	0	0	0	0
t1_521	1	0	0	0	0	0	0	0	0	0	0	0	0	0
t1_522	1	0	0	0	0	0	0	0	0	0	0	0	0	0
t1_523	1	0	0	0	0	0	0	0	0	0	0	0	0	0
t1_524	1	0	0	0	0	0	0	0	0	0	0	0	0	0
t1_525	1	0	0	0	0	0	0	0	0	0	0	0	0	0
t1_526	1	0	0	0	0	0	0	0	0	0	0	0	0	0
t1_527	1	0	0	0	0	0	0	0	0	0	0	0	0	0
t1_528	1	0	0	0	0	0	0	0	0	0	0	0	0	0
t1_529	1	0	0	0	0	0	0	0	0	0	0	0	0	0
t1_530	1	0	0	0	0	0	0	0	0	0	0	0	0	0
t1_531	1	0	0	0	0	0	0	0	0	0	0	0	0	0
t1_532	1	0	0	0	0	0	0	0	0	0	0	0	0	0
t1_533	1	0	0	0	0	0	0	0	0	0	0	0	0	0
t1_534	1	0	0	0	0	0	0	0	0	0	0	0	0	0
t1_535	1	0	0	0	0	0	0	0	0	0	0	0	0	0
t1_536	1	0	0	0	0	0	0	0	0	0	0	0	0	0
t1_537	1	0	0	0	0	0	0	0	0	0	0	0	0	0
t1_538	1	0	0	0	0	0	0	0	0	0	0	0	0	0
t1_539	1	0	0	0	0	0	0	0	0	0	0	0	0	0
t1_540	1	0	0	0	0	0	0	0	0	0	0	0	0	0
t1_541	1	0	0	0	0	0	0	0	0	0	0	0	0	0
t1_542	1	0	0	0	0	0	0	0	0	0	0	0	0	0
t1_543	1	0	0	0	0	0	0	0	0	0	0	0	0	0
t1_544	1	0	0	0	0	0	0	0	0	0	0	0	0	0
t1_545	1	0	0	0	0	0	0	0	0	0	0	0	0	0
t1_546	1	0	0	0	0	0	0	0	0	0	0	0	0	0
t1_547	1	0	0	0	0	0	0	0	0	0	0	0	0	0
t1_548	1	0	0	0	0	0	0	0	0	0	0	0	0	0
t1_549	1	0	0	0	0	0	0	0	0	0	0	0	0	0
t1_550	1	0	0	0	0	0	0	0	0	0	0	0	0	0
t1_551	1	0	0	0	0	0	0	0	0	0	0	0	0	0
t1_552	1	0	0	0	0	0	0	0	0	0	0	0	0	0
t1_553	1	0	0	0	0	0	0	0	0	0	0	0	0	0
t1_554	1	0	0	0	0	0	0	0	0	0	0	0	0	0
t1_555	1	0	0	0	0	0	0	0	0	0	0	0	0	0
t1_556	1	0	0	0	0	0	0	0	0	0	0	0	0	0
t1_557	1	0	0	0	0	0	0	0	0	0	0	0	0	0
t1_558	1	0	0	0	0	0	0	0	0	0	0	0	0	0
t1_559	1	0	0	0	0	0	0	0	0	0	0	0	0	0
t1_560	1	0	0	0	0	0	0	0	0	0	0	0	0	0
t1_561	1	0	0	0	0	0	0	0	0	0	0	0	0	0
t1_562	1	0	0	0	0	0	0	0	0	0	0	0	0	0
t1_563	1	0	0	0	0	0	0	0	0	0	0	0	0	0
t1_564	1	0	0	0	0	0	0	0	0	0	0	0	0	0
t1_565	1	0	0	0	0	0	0	0	0	0	0	0	0	0
t1_566	1	0	0	0	0	0	0	0	0	0	0	0	0	0
t1_567	1	0	0	0	0	0	0	0	0	0	0	0	0	0
t1_568	1	0	0	0	0	0	0	0	0	0	0	0	0	0
t1_569	1	0	0	0	0	0	0	0	0	0	0	0	0	0
t1_570	1	0	0	0	0	0	0	0	0	0	0	0	0	0
t1_571	1	0	0	0	0	0	0	0	0	0	0	0	0	0
t1_572	1	0	0	0	0	0	0	0	0	0	0	0	0	0
t1_573	1	0	0	0	0	0	0	0	0	0	0	0	0	0
t1_574	1	0	0	0	0	0	0	0	0	0	0	0	0	0
t1_575	1	0	0	0	0	0	0	0	0	0	0	0	0	0
t1_576	1	0	0	0	0	0	0	0	0	0	0	0	0	0
t1_577	1	0	0	0	0	0	0	0	0	0	0	0	0	0
t1_578	1	0	0	0	0	0	0	0	0	0	0	0	0	0
t1_579	1	0	0	0	0	0	0	0	0	0	0	0	0	0
t1_580	1	0	0	0	0	0	0	0	0	0	0	0	0	0
t1_581	1	0	0	0	0	0	0	0	0	0	0	0	0	0
t1_582	1	0	0	0	0	0	0	0	0	0	0	0	0	0
t1_583	1	0	0	0	0	0	0	0	0	0	0	0	0	0
t1_584	1	0	0	0	0	0	0	0	0	0	0	0	0	0
t1_585	1	0	0	0	0	0	0	0	0	0	0	0	0	0
t1_586	1	0	0	0	0	0	0	0	0	0	0	0	0	0
t1_587	1	0	0	0	0	0	0	0	0	0	0	0	0	0
t1_588	1	0	0	0	0	0	0	0	0	0	0	0	0	0
t1_589	1	0	0	0	0	0	0	0	0	0	0	0	0	0
t1_590	1	0	0	0	0	0	0	0	0	0	0	0	0	0
t1_591	1	0	0	0	0	0	0	0	0	0	0	0	0	0
t1_592	1	0	0	0	0	0	0	0	0	0	0	0	0	0
t1_593	1	0	0	0	0	0	0	0	0	0	0	0	0	0
t1_594	1	0	0	0	0	0	0	0	0	0	0	0	0	0
t1_595	1	0	0	0	0	0	0	0	0	0	0	0	0	0
t1_596	1	0	0	0	0	0	0	0	0	0	0	0	0	0
t1_597	1	0	0	0	0	0	0	0	0	0	0	0	0	0
t1_598	1	0	0	0	0	0	0	0	0	0	0	0	0	0
t1_599	1	0	0	0	0	0	0	0	0	0	0	0	0	0
t1_600	1	0	0	0	0	0	0	0	0	0	0	0	0	0
t1_601	1	0	0	0	0	0	0	0	0	0	0	0	0	0
t1_602	1	0	0	0	0	0	0	0	0	0	0	0	0	0
t1_603	1	0	0	0	0	0	0	0	0	0	0	0	0	0
t1_604	1	0	0	0	0	0	0	0	0	0	0	0	0	0
t1_605	1	0	0	0	0	0	0	0	0	0	0	0	0	0
t1_606	1	0	0	0	0	0	0	0	0	0	0	0	0	0
t1_607	1	0	0	0	0	0	0	0	0	0	0	0	0	0
t1_608	1	0	0	0	0	0	0	0	0	0	0	0	0	0
t1_609	1	0	0	0	0	0	0	0	0	0	0	0	0	0
t1_610	1	0	0	0	0	0	0	0	0	0	0	0	0	0
t1_611	1	0	0	0	0	0	0	0	0	0	0	0	0	0
t1_612	1	0	0	0	0	0	0	0	0	0	0	0	0	0
t1_613	1	0	0	0	0	0	0	0	0	0	0	0	0	0
t1_614	1	0	0	0	0	0	0	0	0	0	0	0	0	0
t1_615	1	0	0	0	0	0	0	0	0	0	0	0	0	0
t1_616	1	0	0	0	0	0	0	0	0	0	0	0	0	0
t1_617	1	0	0	0	0	0	0	0	0	0	0	0	0	0
t1_618	1	0	0	0	0	0	0	0	0	0	0	0	0	0
t1_619	1	0	0	0	0	0	0	0	0	0	0	0	0	0
t1_620	1	0	0	0	0	0	0	0	0	0	0	0	0	0
t1_621	1	0	0	0	0	0	0	0	0	0	0	0	0	0
t1_622	1	0	0	0	0	0	0	0	0	0	0	0	0	0
t1_623	1	0	0	0	0	0	0	0	0	0	0	0	0	0
t1_624	1	0	0	0	0	0	0	0	0	0	0	0	0	0
t1_625	1	0	0	0	0	0	0	0	0	0	0	0	0	0
t1_626	1	0	0	0	0	0	0	0	0	0	0	0	0	0
t1_627	1	0	0	0	0	0	0	0	0	0	0	0	0	0
t1_628	1	0	0	0	0	0	0	0	0	0	0	0	0	0
t1_629	1	0	0	0	0	0	0	0	0	0	0	0	0	0
t1_630	1	0	0	0	0	0	0	0	0	0	0	0	0	0
t1_631	1	0	0	0	0	0	0	0	0	0	0	0	0	0
t1_632	1	0	0	0	0	0	0	0	0	0	0	0	0	0
t1_633	1	0	0	0	0	0	0	0	0	0	0	0	0	0
t1_634	1	0	0	0	0	0	0	0	0	0	0	0	0	0
t1_635	1	0	0	0	0	0	0	0	0	0	0	0	0	0
t1_636	1	0	0	0	0	0	0	0	0	0	0	0	0	0
t1_637	1	0	0	0	0	0	0	0	0	0	0	0	0	0
t1_638	1	0	0	0	0	0	0	0	0	0	0	0	0	0
t1_639	1	0	0	0	0	0	0	0	0	0	0	0	0	0
t1_640	1	0	0	0	0	0	0	0	0	0	0	0	0	0
t1_641	1	0	0	0	0	0	0	0	0	0	0	0	0	0
t1_642	1	0	0	0	0	0	0	0	0	0	0	0	0	0
t1_643	1	0	0	0	0	0	0	0	0	0	0	0	0	0
t1_644	1	0	0	0	0	0	0	0	0	0	0	0	0	0
t1_645	1	0	0	0	0	0	0	0	0	0	0	0	0	0
t1_646	1	0	0	0	0	0	0	0	0	0	0	0	0	0
t1_647	1	0	0	0	0	0	0	0	0	0	0	0	0	0
t1_648	1	0	0	0	0	0	0	0	0	0	0	0	0	0
t1_649	1	0	0	0	0	0	0	0	0	0	0	0	0	0
t1_650	1	0	0	0	0	0	0	0	0	0	0	0	0	0
t1_651	1	0	0	0	0	0	0	0	0	0	0	0	0	0
t1_652	1	0	0	0	0	0	0	0	0	0	0	0	0	0
t1_653	1	0	0	0	0	0	0	0	0	0	0	0	0	0
t1_654	1	0	0	0	0	0	0	0	0	0	0	0	0	0
t1_655	1	0	0	0	0	0	0	0	0	0	0	0	0	0
t1_656	1	0	0	0	0	0	0	0	0	0	0	0	0	0
t1_657	1	0	0	0	0	0	0	0	0	0	0	0	0	0
t1_658	1	0	0	0	0	0	0	0	0	0	0	0	0	0
t1_659	1	0	0	0	0	0	0	0	0	0	0	0	0	0
t1_660	1	0	0	0	0	0	0	0	0	0	0	0	0	0
t1_661	1	0	0	0	0	0	0	0	0	0	0	0	0	0
t1_662	1	0	0	0	0	0	0	0	0	0	0	0	0	0
t1_663	1	0	0	0	0	0	0	0	0	0	0	0	0	0
t1_664	1	0	0	0	0	0	0	0	0	0	0	0	0	0
t1_665	1	0	0	0	0	0	0	0	0	0	0	0	0	0
t1_666	1	0	0	0	0	0	0	0	0	0	0	0	0	0
t1_667	1	0	0	0	0	0	0	0	0	0	0	0	0	0
t1_668	1	0	0	0	0	0	0	0	0	0	0	0	0	0
t1_669	1	0	0	0	0	0	0	0	0	0	0	0	0	0
t1_670	1	0	0	0	0	0	0	0	0	0	0	0	0	0
t1_671	1	0	0	0	0	0	0	0	0	0	0	0	0	0
t1_672	1	0	0	0	0	0	0	0	0	0	0	0	0	0
t1_673	1	0	0	0	0	0	0	0	0	0	0	0	0	0
t1_674	1	0	0	0	0	0	0	0	0	0	0	0	0	0
t1_675	1	0	0	0	0	0	0	0	0	0	0	0	0	0
t1_676	1	0	0	0	0	0	0	0	0	0	0	0	0	0
t1_677	1	0	0	0	0	0	0	0	0	0	0	0	0	0
t1_678	1	0	0	0	0	0	0	0	0	0	0	0	0	0
t1_679	1	0	0	0	0	0	0	0	0	0	0	0	0	0
t1_680	1	0	0	0	0	0	0	0	0	0	0	0	0	0
t1_681	1	0	0	0	0	0	0	0	0	0	0	0	0	0
t1_682	1	0	0	0	0	0	0	0	0	0	0	0	0	0
t1_683	1	0	0	0	0	0	0	0	0	0	0	0	0	0
t1_684	1	0	0	0	0	0	0	0	0	0	0	0	0	0
t1_685	1	0	0	0	0	0	0	0	0	0	0	0	0	0
t1_686	1	0	0	0	0	0	0	0	0	0	0	0	0	0
t1_687	1	0	0	0	0	0	0	0	0	0	0	0	0	0
t1_688	1	0	0	0	0	0	0	0	0	0	0	0	0	0
t1_689	1	0	0	0	0	0	0	0	0	0	0	0	0	0
t1_690	1	0	0	0	0	0	0	0	0	0	0	0	0	0
t1_691	1	0	0	0	0	0	0	0	0	0	0	0	0	0
t1_692	1	0	0	0	0	0	0	0	0	0	0	0	0	0
t1_693	1	0	0	0	0	0	0	0	0	0	0	0	0	0
t1_694	1	0	0	0	0	0	0	0	0	0	0	0	0	0
t1_695	1	0	0	0	0	0	0	0	0	0	0	0	0	0
t1_696	1	0	0	0	0	0	0	0	0	0	0	0	0	0
t1_697	1	0	0	0	0	0	0	0	0	0	0	0	0	0
t1_698	1	0	0	0	0	0	0	0	0	0	0	0	0	0
t1_699	1	0	0	0	0	0	0	0	0	0	0	0	0	0
t1_700	1	0	0	0	0	0	0	0	0	0	0	0	0	0
t1_701	1	0	0	0	0	0	0	0	0	0	0	0	0	0
t1_702	1	0	0	0	0	0	0	0	0	0	0	0	0	0
t1_703	1	0	0	0	0	0	0	0	0	0	0	0	0	0
t1_704	1	0	0	0	0	0	0	0	0	0	0	0	0	0
t1_705	1	0	0	0	0	0	0	0	0	0	0	0	0	0
t1_706	1	0	0	0	0	0	0	0	0	0	0	0	0	0
t1_707	1	0	0	0	0	0	0	0	0	0	0	0	0	0
t1_708	1	0	0	0	0	0	0	0	0	0	0	0	0	0
t1_709	1	0	0	0	0	0	0	0	0	0	0	0	0	0
t1_710	1	0	0	0	0	0	0	0	0	0	0	0	0	0
t1_711	1	0	0	0	0	0	0	0	0	0	0	0	0	0
t1_712	1	0	0	0	0	0	0	0	0	0	0	0	0	0
t1_713	1	0	0	0	0	0	0	0	0	0	0	0	0	0
t1_714	1	0	0	0	0	0	0	0	0	0	0	0	0	0
t1_715	1	0	0	0	0	0	0	0	0	0	0	0	0	0
t1_716	1	0	0	0	0	0	0	0	0	0	0	0	0	0
t1_717	1	0	0	0	0	0	0	0	0	0	0	0	0	0
t1_718	1	0	0	0	0	0	0	0	0	0	0	0	0	0
t1_719	1	0	0	0	0	0	0	0	0	0	0	0	0	0
t1_720	1	0	0	0	0	0	0	0	0	0	0	0	0	0
t1_721	1	0	0	0	0	0	0	0	0	0	0	0	0	0
t1_722	1	0	0	0	0	0	0	0	0	0	0	0	0	0
t1_723	1	0	0	0	0	0	0	0	0	0	0	0	0	0
t1_724	1	0	0	0	0	0	0	0	0	0	0	0	0	0
t1_725	1	0	0	0	0	0	0	0	0	0	0	0	0	0
t1_726	1	0	0	0	0	0	0	0	0	0	0	0	0	0
t1_727	1	0	0	0	0	0	0	0	0	0	0	0	0	0
t1_728	1	0	0	0	0	0	0	0	0	0	0	0	0	0
t1_729	1	0	0	0	0	0	0	0	0	0	0	0	0	0
t1_730	1	0	0	0	0	0	0	0	0	0	0	0	0	0
t1_731	1	0	0	0	0	0	0	0	0	0	0	0	0	0
t1_732	1	0	0	0	0	0	0	0	0	0	0	0	0	0
t1_733	1	0	0	0	0	0	0	0	0	0	0	0	0	0
t1_734	1	0	0	0	0	0	0	0	0	0	0	0	0	0
t1_735	1	0	0	0	0	0	0	0	0	0	0	0	0	0
t1_736	1	0	0	0	0	0	0	0	0	0	0	0	0	0
t1_737	1	0	0	0	0	0	0	0	0	0	0	0	0	0
t1_738	1	0	0	0	0	0	0	0	0	0	0	0	0	0
t1_739	1	0	0	0	0	0	0	0	0	0	0	0	0	0
t1_740	1	0	0	0	0	0	0	0	0	0	0	0	0	0
t1_741	1	0	0	0	0	0	0	0	0	0	0	0	0	0
t1_742	1	0	0	0	0	0	0	0	0	0	0	0	0	0
t1_743	1	0	0	0	0	0	0	0	0	0	0	0	0	0
t1_744	1	0	0	0	0	0	0	0	0	0	0	0	0	0
t1_745	1	0	0	0	0	0	0	0	0	0	0	0	0	0
t1_746	1	0	0	0	0	0	0	0	0	0	0	0	0	0
t1_747	1	0	0	0	0	0	0	0	0	0	0	0	0	0
t1_748	1	0	0	0	0	0	0	0	0	0	0	0	0	0
t1_749	1	0	0	0	0	0	0	0	0	0	0	0	0	0
t1_750	1	0	0	0	0	0	0	0	0	0	0	0	0	0
t1_751	1	0	0	0	0	0	0	0	0	0	0	0	0	0
t1_752	1	0	0	0	0	0	0	0	0	0	0	0	0	0
t1_753	1	0	0	0	0	0	0	0	0	0	0	0	0	0
t1_754	1	0	0	0	0	0	0	0	0	0	0	0	0	0
t1_755	1	0	0	0	0	0	0	0	0	0	0	0	0	0
t1_756	1	0	0	0	0	0	0	0	0	0	0	0	0	0
t1_757	1	0	0	0	0	0	0	0	0	0	0	0	0	0
t1_758	1	0	0	0	0	0	0	0	0	0	0	0	0	0
t1_759	1	0	0	0	0	0	0	0	0	0	0	0	0	0
t1_760	1	0	0	0	0	0	0	0	0	0	0	0	0	0
t1_761	1	0	0	0	0	0	0	0	0	0	0	0	0	0
t1_762	1	0	0	0	0	0	0	0	0	0	0	0	0	0
t1_763	1	0	0	0	0	0	0	0	0	0	0	0	0	0
t1_764	1	0	0	0	0	0	0	0	0	0	0	0	0	0
t1_765	1	0	0	0	0	0	0	0	0	0	0	0	0	0
t1_766	1	0	0	0	0	0	0	0	0	0	0	0	0	0
t1_767	1	0	0	0	0	0	0	0	0	0	0	0	0	0
t1_768	1	0	0	0	0	0	0	0	0	0	0	0	0	0
t1_769	1	0	0	0	0	0	0	0	0	0	0	0	0	0
t1_770	1	0	0	0	0	0	0	0	0	0	0	0	0	0
t1_771	1	0	0	0	0	0	0	0	0	0	0	0	0	0
t1_772	1	0	0	0	0	0	0	0	0	0	0	0	0	0
t1_773	1	0	0	0	0	0	0	0	0	0	0	0	0	0
t1_774	1	0	0	0	0	0	0	0	0	0	0	0	0	0
t1_775	1	0	0	0	0	0	0	0	0	0	0	0	0	0
t1_776	1	0	0	0	0	0	0	0	0	0	0	0	0	0
t1_777	1	0	0	0	0	0	0	0	0	0	0	0	0	0
t1_778	1	0	0	0	0	0	0	0	0	0	0	0	0	0
t1_779	1	0	0	0	0	0	0	0	0	0	0	0	0	0
t1_780	1	0	0	0	0	0	0	0	0	0	0	0	0	0
t1_781	1	0	0	0	0	0	0	0	0	0	0	0	0	0
t1_782	1	0	0	0	0	0	0	0	0	0	0	0	0	0
t1_783	1	0	0	0	0	0	0	0	0	0	0	0	0	0
t1_784	1	0	0	0	0	0	0	0	0	0	0	0	0	0
t1_785	1	0	0	0	0	0	0	0	0	0	0	0	0	0
t1_786	1	0	0	0	0	0	0	0	0	0	0	0	0	0
t1_787	1	0	0	0	0	0	0	0	0	0	0	0	0	0
t1_788	1	0	0	0	0	0	0	0	0	0	0	0	0	0
t1_789	1	0	0	0	0	0	0	0	0	0	0	0	0	0
t1_790	1	0	0	0	0	0	0	0	0	0	0	0	0	0
t1_791	1	0	0	0	0	0	0	0	0	0	0	0	0	0
t1_792	1	0	0	0	0	0	0	0	0	0	0	0	0	0
t1_793	1	0	0	0	0	0	0	0	0	0	0	0	0	0
t1_794	1	0	0	0	0	0	0	0	0	0	0	0	0	0
t1_795	1	0	0	0	0	0	0	0	0	0	0	0	0	0
t1_796	1	0	0	0	0	0	0	0	0	0	0	0	0	0
t1_797	1	0	0	0	0	0	0	0	0	0	0	0	0	0
t1_798	1	0	0	0	0	0	0	0	0	0	0	0	0	0
t1_799	1	0	0	0	0	0	0	0	0	0	0	0	0	0
t1_800	1	0	0	0	0	0	0	0	0	0	0	0	0	0
t1_801	1	0	0	0	0	0	0	0	0	0	0	0	0	0
t1_802	1	0	0	0	0	0	0	0	0	0	0	0	0	0
t1_803	1	0	0	0	0	0	0	0	0	0	0	0	0	0
t1_804	1	0	0	0	0	0	0	0	0	0	0	0	0	0
t1_805	1	0	0	0	0	0	0	0	0	0	0	0	0	0
t1_806	1	0	0	0	0	0	0	0	0	0	0	0	0	0
t1_807	1	0	0	0	0	0	0	0	0	0	0	0	0	0
t1_808	1	0	0	0	0	0	0	0	0	0	0	0	0	0
t1_809	1	0	0	0	0	0	0	0	0	0	0	0	0	0
t1_810	1	0	0	0	0	0	0	0	0	0	0	0	0	0
t1_811	1	0	0	0	0	0	0	0	0	0	0	0	0	0
t1_812	1	0	0	0	0	0	0	0	0	0	0	0	0	0
t1_813	1	0	0	0	0	0	0	0	0	0	0	0	0	0
t1_814	1	0	0	0	0	0	0	0	0	0	0	0	0	0
t1_815	1	0	0	0	0	0	0	0	0	0	0	0	0	0
t1_816	1	0	0	0	0	0	0	0	0	0	0	0	0	0
t1_817	1	0	0	0	0	0	0	0	0	0	0	0	0	0
t1_818	1	0	0	0	0	0	0	0	0	0	0	0	0	0
t1_819	1	0	0	0	0	0	0	0	0	0	0	0	0	0
t1_820	1	0	0	0	0	0	0	0	0	0	0	0	0	0
t1_821	1	0	0	0	0	0	0	0	0	0	0	0	0	0
t1_822	1	0	0	0	0	0	0	0	0	0	0	0	0	0
t1_823	1	0	0	0	0	0	0	0	0	0	0	0	0	0
t1_824	1	0	0	0	0	0	0	0	0	0	0	0	0	0
t1_825	1	0	0	0	0	0	0	0	0	0	0	0	0	0
t1_826	1	0	0	0	0	0	0	0	0	0	0	0	0	0
t1_827	1	0	0	0	0	0	0	0	0	0	0	0	0	0
t1_828	1	0	0	0	0	0	0	0	0	0	0	0	0	0
t1_829	1	0	0	0	0	0	0	0	0	0	0	0	0	0
t1_830	1	0	0	0	0	0	0	0	0	0	0	0	0	0
t1_831	1	0	0	0	0	0	0	0	0	0	0	0	0	0
t1_832	1	0	0	0	0	0	0	0	0	0	0	0	0	0
t1_833	1	0	0	0	0	0	0	0	0	0	0	0	0	0
t1_834	1	0	0	0	0	0	0	0	0	0	0	0	0	0
t1_835	1	0	0	0	0	0	0	0	0	0	0	0	0	0
t1_836	1	0	0	0	0	0	0	0	0	0	0	0	0	0
t1_837	1	0	0	0	0	0	0	0	0	0	0	0	0	0
t1_838	1	0	0	0	0	0	0	0	0	0	0	0	0	0
t1_839	1	0	0	0	0	0	0	0	0	0	0	0	0	0
t1_840	1	0	0	0	0	0	0	0	0	0	0	0	0	0
t1_841	1	0	0	0	0	0	0	0	0	0	0	0	0	0
t1_842	1	0	0	0	0	0	0	0	0	0	0	0	0	0
t1_843	1	0	0	0	0	0	0	0	0	0	0	0	0	0
t1_844	1	0	0	0	0	0	0	0	0	0	0	0	0	0
t1_845	1	0	0	0	0	0	0	0	0	0	0	0	0	0
t1_846	1	0	0	0	0	0	0	0	0	0	0	0	0	0
t1_847	1	0	0	0	0	0	0	0	0	0	0	0	0	0
t1_848	1	0	0	0	0	0	0	0	0	0	0	0	0	0
t1_849	1	0	0	0	0	0	0	0	0	0	0	0	0	0
t1_850	1	0	0	0	0	0	0	0	0	0	0	0	0	0
t1_851	1	0	0	0	0	0	0	0	0	0	0	0	0	0
t1_852	1	0	0	0	0	0	0	0	0	0	0	0	0	0
t1_853	1	0	0	0	0	0	0	0	0	0	0	0	0	0
t1_854	1	0	0	0	0	0	0	0	0	0	0	0	0	0
t1_855	1	0	0	0	0	0	0	0	0	0	0	0	0	0
t1_856	1	0	0	0	0	0	0	0	0	0	0	0	0	0
t1_857	1	0	0	0	0	0	0	0	0	0	0	0	0	0
t1_858	1	0	0	0	0	0	0	0	0	0	0	0	0	0
t1_859	1	0	0	0	0	0	0	0	0	0	0	0	0	0
t1_860	1	0	0	0	0	0	0	0	0	0	0	0	0	0
t1_861	1	0	0	0	0	0	0	0	0	0	0	0	0	0
t1_862	1	0	0	0	0	0	0	0	0	0	0	0	0	0
t1_863	1	0	0	0	0	0	0	0	0	0	0	0	0	0
t1_864	1	0	0	0	0	0	0	0	0	0	0	0	0	0
t1_865	1	0	0	0	0	0	0	0	0	0	0	0	0	0
t1_866	1	0	0	0	0	0	0	0	0	0	0	0	0	0
t1_867	1	0	0	0	0	0	0	0	0	0	0	0	0	0
t1_868	1	0	0	0	0	0	0	0	0	0	0	0	0	0
t1_869	1	0	0	0	0	0	0	0	0	0	0	0	0	0
t1_870	1	0	0	0	0	0	0	0	0	0	0	0	0	0
t1_871	1	0	0	0	0	0	0	0	0	0	0	0	0	0
t1_872	1	0	0	0	0	0	0	0	0	0	0	0	0	0
t1_873	1	0	0	0	0	0	0	0	0	0	0	0	0	0
t1_874	1	0	0	0	0	0	0	0	0	0	0	0	0	0
t1_875	1	0	0	0	0	0	0	0	0	0	0	0	0	0
t1_876	1	0	0	0	0	0	0	0	0	0	0	0	0	0
t1_877	1	0	0	0	0	0	0	0	0	0	0	0	0	0
t1_878	1	0	0	0	0	0	0	0	0	0	0	0	0	0
t1_879	1	0	0	0	0	0	0	0	0	0	0	0	0	0
t1_880	1	0	0	0	0	0	0	0	0	0	0	0	0	0
t1_881	1	0	0	0	0	0	0	0	0	0	0	0	0	0
t1_882	1	0	0	0	0	0	0	0	0	0	0	0	0	0
t1_883	1	0	0	0	0	0	0	0	0	0	0	0	0	0
t1_884	1	0	0	0	0	0	0	0	0	0	0	0	0	0
t1_885	1	0	0	0	0	0	0	0	0	0	0	0	0	0
t1_886	1	0	0	0	0	0	0	0	0	0	0	0	0	0
t1_887	1	0	0	0	0	0	0	0	0	0	0	0	0	0
t1_888	1	0	0	0	0	0	0	0	0	0	0	0	0	0
t1_889	1	0	0	0	0	0	0	0	0	0	0	0	0	0
t1_890	1	0	0	0	0	0	0	0	0	0	0	0	0	0
t1_891	1	0	0	0	0	0	0	0	0	0	0	0	0	0
t1_892	1	0	0	0	0	0	0	0	0	0	0	0	0	0
t1_893	1	0	0	0	0	0	0	0	0	0	0	0	0	0
t1_894	1	0	0	0	0	0	0	0	0	0	0	0	0	0
t1_895	1	0	0	0	0	0	0	0	0	0	0	0	0	0
t1_896	1	0	0	0	0	0	0	0	0	0	0	0	0	0
t1_897	1	0	0	0	0	0	0	0	0	0	0	0	0	0
t1_898	1	0	0	0	0	0	0	0	0	0	0	0	0	0
t1_899	1	0	0	0	0	0	0	0	0	0	0	0	0	0
t1_900	1	0	0	0	0	0	0	0	0	0	0	0	0	0
t1_901	1	0	0	0	0	0	0	0	0	0	0	0	0	0
t1_902	1	0	0	0	0	0	0	0	0	0	0	0	0	0
t1_903	1	0	0	0	0	0	0	0	0	0	0	0	0	0
t1_904	1	0	0	0	0	0	0	0	0	0	0	0	0	0
t1_905	1	0	0	0	0	0	0	0	0	0	0	0	0	0
t1_906	1	0	0	0	0	0	0	0	0	0	0	0	0	0
t1_907	1	0	0	0	0	0	0	0	0	0	0	0	0	0
t1_908	1	0	0	0	0	0	0	0	0	0	0	0	0	0
t1_909	1	0	0	0	0	0	0	0	0	0	0	0	0	0
t1_910	1	0	0	0	0	0	0	0	0	0	0	0	0	0
t1_911	1	0	0	0	0	0	0	0	0	0	0	0	0	0
t1_912	1	0	0	0	0	0	0	0	0	0	0	0	0	0
t1_913	1	0	0	0	0	0	0	0	0	0	0	0	0	0
t1_914	1	0	0	0	0	0	0	0	0	0	0	0	0	0
t1_915	1	0	0	0	0	0	0	0	0	0	0	0	0	0
t1_916	1	0	0	0	0	0	0	0	0	0	0	0	0	0
t1_917	1	0	0	0	0	0	0	0	0	0	0	0	0	0
t1_918	1	0	0	0	0	0	0	0	0	0	0	0	0	0
t1_919	1	0	0	0	0	0	0	0	0	0	0	0	0	0
t1_920	1	0	0	0	0	0	0	0	0	0	0	0	0	0
t1_921	1	0	0	0	0	0	0	0	0	0	0	0	0	0
t1_922	1	0	0	0	0	0	0	0	0	0	0	0	0	0
t1_923	1	0	0	0	0	0	0	0	0	0	0	0	0	0
t1_924	1	0	0	0	0	0	0	0	0	0	0	0	0	0
t1_925	1	0	0	0	0	0	0	0	0	0	0	0	0	0
t1_926	1	0	0	0	0	0	0	0	0	0	0	0	0	0
t1_927	1	0	0	0	0	0	0	0	0	0	0	0	0	0
t1_928	1	0	0	0	0	0	0	0	0	0	0	0	0	0
t1_929	1	0	0	0	0	0	0	0	0	0	0	0	0	0
t1_930	1	0	0	0	0	0	0	0	0	0	0	0	0	0
t1_931	1	0	0	0	0	0	0	0	0	0	0	0	0	0
t1_932	1	0	0	0	0	0	0	0	0	0	0	0	0	0
t1_933	1	0	0	0	0	0	0	0	0	0	0	0	0	0
t1_934	1	0	0	0	0	0	0	0	0	0	0	0	0	0
t1_935	1	0	0	0	0	0	0	0	0	0	0	0	0	0
t1_936	1	0	0	0	0	0	0	0	0	0	0	0	0	0
t1_937	1	0	0	0	0	0	0	0	0	0	0	0	0	0
t1_938	1	0	0	0	0	0	0	0	0	0	0	0	0	0
t1_939	1	0	0	0	0	0	0	0	0	0	0	0	0	0
t1_940	1	0	0	0	0	0	0	0	0	0	0	0	0	0
t1_941	1	0	0	0	0	0	0	0	0	0	0	0	0	0
t1_942	1	0	0	0	0	0	0	0	0	0	0	0	0	0
t1_943	1	0	0	0	0	0	0	0	0	0	0	0	0	0
t1_944	1	0	0	0	0	0	0	0	0	0	0	0	0	0
t1_945	1	0	0	0	0	0	0	0	0	0	0	0	0	0
t1_946	1	0	0	0	0	0	0	0	0	0	0	0	0	0
t1_947	1	0	0	0	0	0	0	0	0	0	0	0	0	0
t1_948	1	0	0	0	0	0	0	0	0	0	0	0	0	0
t1_949	1	0	0	0	0	0	0	0	0	0	0	0	0	0
t1_950	1	0	0	0	0	0	0	0	0	0	0	0	0	0
t1_951	1	0	0	0	0	0	0	0	0	0	0	0	0	0
t1_952	1	0	0	0	0	0	0	0	0	0	0	0	0	0
t1_953	1	0	0	0	0	0	0	0	0	0	0	0	0	0
t1_954	1	0	0	0	0	0	0	0	0	0	0	0	0	0
t1_955	1	0	0	0	0	0	0	0	0	0	0	0	0	0
t1_956	1	0	0	0	0	0	0	0	0	0	0	0	0	0
t1_957	1	0	0	0	0	0	0	0	0	0	0	0	0	0
t1_958	1	0	0	0	0	0	0	0	0	0	0	0	0	0
t1_959	1	0	0	0	0	0	0	0	0	0	0	0	0	0
t1_960	1	0	0	0	0	0	0	0	0	0	0	0	0	0
t1_961	1	0	0	0	0	0	0	0	0	0	0	0	0	0
t1_962	1	0	0	0	0	0	0	0	0	0	0	0	0	0
t1_963	1	0	0	0	0	0	0	0	0	0	0	0	0	0
t1_964	1	0	0	0	0	0	0	0	0	0	0	0	0	0
t1_965	1	0	0	0	0	0	0	0	0	0	0	0	0	0
t1_966	1	0	0	0	0	0	0	0	0	0	0	0	0	0
t1_967	1	0	0	0	0	0	0	0	0	0	0	0	0	0
t1_968	1	0	0	0	0	0	0	0	0	0	0	0	0	0
t1_969	1	0	0	0	0	0	0	0	0	0	0	0	0	0
t1_970	1	0	0	0	0	0	0	0	0	0	0	0	0	0
t1_971	1	0	0	0	0	0	0	0	0	0	0	0	0	0
t1_972	1	0	0	0	0	0	0	0	0	0	0	0	0	0
t1_973	1	0	0	0	0	0	0	0	0	0	0	0	0	0
t1_974	1	0	0	0	0	0	0	0	0	0	0	0	0	0
t1_975	1	0	0	0	0	0	0	0	0	0	0	0	0	0
t1_976	1	0	0	0	0	0	0	0	0	0	0	0	0	0
t1_977	1	0	0	0	0	0	0	0	0	0	0	0	0	0
t1_978	1	0	0	0	0	0	0	0	0	0	0	0	0	0
t1_979	1	0	0	0	0	0	0	0	0	0	0	0	0	0
t1_980	1	0	0	0	0	0	0	0	0	0	0	0	0	0
t1_981	1	0	0	0	0	0	0	0	0	0	0	0	0	0
t1_982	1	0	0	0	0	0	0	0	0	0	0	0	0	0
t1_983	1	0	0	0	0	0	0	0	0	0	0	0	0	0
t1_984	1	0	0	0	0	0	0	0	0	0	0	0	0	0
t1_985	1	0	0	0	0	0	0	0	0	0	0	0	0	0
t1_986	1	0	0	0	0	0	0	0	0	0	0	0	0	0
t1_987	1	0	0	0	0	0	0	0	0	0	0	0	0	0
t1_988	1	0	0	0	0	0	0	0	0	0	0	0	0	0
t1_989	1	0	0	0	0	0	0	0	0	0	0	0	0	0
t1_990	1	0	0	0	0	0	0	0	0	0	0	0	0	0
t1_991	1	0	0	0	0	0	0	0	0	0	0	0	0	0
t1_992	1	0	0	0	0	0	0	0	0	0	0	0	0	0
t1_993	1	0	0	0	0	0	0	0	0	0	0	0	0	0
t1_994	1	0	0	0	0	0	0	0	0	0	0	0	0	0
t1_995	1	0	0	0	0	0	0	0	0	0	0	0	0	0
t1_996	1	0	0	0	0	0	0	0	0	0	0	0	0	0
t1_997	1	0	0	0	0	0	0	0	0	0	0	0	0	0
t1_998	1	0	0	0	0	0	0	0	0	0	0	0	0	0
t1_999	1	0	0	0	0	0	0	0	0	0	0	0	0	0
t1_1000	1	0	0	0	0	0	0	0	0	0	0	0	0	0
t2_1	1	0	0	0	0	0	0	0	0	0	0	0	0	0
t2_2	1	0	0	0	0	0	0	0	0	0	0	0	0	0
t2_3	1	0	0	0	0	0	0	0	0	0	0	0	0	0
t2_4	1	0	0	0	0	0	0	0	0	0	0	0	0	0
t2_5	1	0	0	0	0	0	0	0	0	0	0	0	0	0
t2_6	1	1	0	0	0	0	0	0	0	0	0	0	0	0
t2_7	1	1	0	0	0	0	0	0	0	0	0	0	0	0
t2_8	1	1	0	0	0	0	0	0	0	0	0	0	0	0
t2_9	1	0	0	0	0	0	0	0	0	0	0	0	0	0
t2_10	1	1	0	0	0	0	0	0	0	0	0	0	0	0
t2_11	1	1	0	0	0	0	0	0	0	0	0	0	0	0
t2_12	1	1	0	0	0	0	0	0	0	0	0	0	0	0
t2_13	1	1	0	0	0	0	0	0	0	0	0	0	0	0
t2_14	1	1	0	0	0	0	0	0	0	0	0	0	0	0
t2_15	1	0	0	0	0	0	0	0	0	0	0	0	0	0
t2_16	1	0	0	0	0	0	0	0	0	0	0	0	0	0
t2_17	1	1	0	0	0	0	0	0	0	0	0	0	0	0
t2_18	1	0	0	0	0	0	0	0	0	0	0	0	0	0
t2_19	1	1	0	0	0	0	0	0	0	0	0	0	0	0
t2_20	1	1	0	0	0	0	0	0	0	0	0	0	0	0
t2_21	1	0	0	0	0	0	0	0	0	0	0	0	0	0
t2_22	1	1	0	0	0	0	0	0	0	0	0	0	0	0
t2_23	1	0	0	0	0	0	0	0	0	0	0	0	0	0
t2_24	1	0	0	0	0	0	0	0	0	0	0	0	0	0
t2_25	1	1	0	0	0	0	0	0	0	0	0	0	0	0
t2_26	1	0	0	0	0	0	0	0	0	0	0	0	0	0
t2_27	1	0	1	0	0	0	0	0	0	0	0	0	0	0
t2_28	1	0	0	0	0	0	0	0	0	0	0	0	0	0
t2_29	1	1	0	0	0	0	0	0	0	0	0	0	0	0
t2_30	1	0	0	0	0	0	0	0	0	0	0	0	0	0
t2_31	1	1	0	0	0	0	0	0	0	0	0	0	0	0
t2_32	1	0	0	0	0	0	0	0	0	0	0	0	0	0
t2_33	1	0	0	0	0	0	0	0	0	0	0	0	0	0
t2_34	1	0	0	0	0	0	0	0	0	0	0	0	0	0
t2_35	1	1	0	0	0	0	0	0	0	0	0	0	0	0
t2_36	1	1	0	0	0	0	0	0	0	0	0	0	0	0
t2_37	1	1	0	0	0	0	0	0	0	0	0	0	0	0
t2_38	1	0	0	0	0	0	0	0	0	0	0	0	0	0
t2_39	1	0	0	0	0	0	0	0	0	0	0	0	0	0
t2_40	1	0	0	0	0	0	0	0	0	0	0	0	0	0
t2_41	1	0	0	0	0	0	0	0	0	0	0	0	0	0
t2_42	1	1	0	0	0	0	0	0	0	0	0	0	0	0
t2_43	1	0	0	0	0	0	0	0	0	0	0	0	0	0
t2_44	1	1	0	0	0	0	0	0	0	0	0	0	0	0
t2_45	1	0	0	0	0	0	0	0	0	0	0	0	0	0
t2_46	1	0	0	0	0	0	0	0	0	0	0	0	0	0
t2_47	1	1	0	0	0	0	0	0	0	0	0	0	0	0
t2_48	1	0	0	0	0	0	0	0	0	0	0	0	0	0
t2_49	1	1	0	0	0	0	0	0	0	0	0	0	0	0
t2_50	1	0	0	0	0	0	0	0	0	0	0	0	0	0
t2_51	1	1	0	0	0	0	0	0	0	0	0	0	0	0
t2_52	1	0	0	0	0	0	0	0	0	0	0	0	0	0
t2_53	1	1	0	0	0	0	0	0	0	0	0	0	0	0
t2_54	1	0	1	0	0	0	0	0	0	0	0	0	0	0
t2_55	1	0	1	0	0	0	0	0	0	0	0	0	0	0
t2_56	1	1	0	0	0	0	0	0	0	0	0	0	0	0
t2_57	1	1	0	0	0	0	0	0	0	0	0	0	0	0
t2_58	1	0	0	0	0	0	0	0	0	0	0	0	0	0
t2_59	1	1	0	0	0	0	0	0	0	0	0	0	0	0
t2_60	1	1	0	0	0	0	0	0	0	0	0	0	0	0
t2_61	1	0	0	0	0	0	0	0	0	0	0	0	0	0
t2_62	1	0	0	0	0	0	0	0	0	0	0	0	0	0
t2_63	1	0	0	0	0	0	0	0	0	0	0	0	0	0
t2_64	1	0	0	0	0	0	0	0	0	0	0	0	0	0
t2_65	1	0	0	0	0	0	0	0	0	0	0	0	0	0
t2_66	1	1	0	0	0	0	0	0	0	0	0	0	0	0
t2_67	1	0	0	0	0	0	0	0	0	0	0	0	0	0
t2_68	1	1	0	0	0	0	0	0	0	0	0	0	0	0
t2_69	1	1	0	0	0	0	0	0	0	0	0	0	0	0
t2_70	1	1	0	0	0	0	0	0	0	0	0	0	0	0
t2_71	1	0	0	0	0	0	0	0	0	0	0	0	0	0
t2_72	1	0	0	0	0	0	0	0	0	0	0	0	0	0
t2_73	1	0	0	0	0	0	0	0	0	0	0	0	0	0
t2_74	1	0	0	0	0	0	0	0	0	0	0	0	0	0
t2_75	1	1	0	0	0	0	0	0	0	0	0	0	0	0
t2_76	1	0	0	0	0	0	0	0	0	0	0	0	0	0
t2_77	1	1	0	0	0	0	0	0	0	0	0	0	0	0
t2_78	1	0	0	0	0	0	0	0	0	0	0	0	0	0
t2_79	1	1	0	0	0	0	0	0	0	0	0	0	0	0
t2_80	1	1	0	0	0	0	0	0	0	0	0	0	0	0
t2_81	1	0	0	0	0	0	0	0	0	0	0	0	0	0
t2_82	1	0	0	0	0	0	0	0	0	0	0	0	0	0
t2_83	1	1	0	0	0	0	0	0	0	0	0	0	0	0
t2_84	1	1	0	0	0	0	0	0	0	0	0	0	0	0
t2_85	1	1	0	0	0	0	0	0	0	0	0	0	0	0
t2_86	1	1	0	0	0	0	0	0	0	0	0	0	0	0
t2_87	1	1	0	0	0	0	0	0	0	0	0	0	0	0
t2_88	1	1	0	0	0	0	0	0	0	0	0	0	0	0
t2_89	1	0	0	0	0	0	0	0	0	0	0	0	0	0
t2_90	1	1	0	0	0	0	0	0	0	0	0	0	0	0
t2_91	1	1	0	0	0	0	0	0	0	0	0	0	0	0
t2_92	1	1	0	0	0	0	0	0	0	0	0	0	0	0
t2_93	1	0	0	0	0	0	0	0	0	0	0	0	0	0
t2_94	1	1	0	0	0	0	0	0	0	0	0	0	0	0
t2_95	1	1	0	0	0	0	0	0	0	0	0	0	0	0
t2_96	1	0	0	0	0	0	0	0	0	0	0	0	0	0
t2_97	1	1	0	0	0	0	0	0	0	0	0	0	0	0
t2_98	1	1	0	0	0	0	0	0	0	0	0	0	0	0
t2_99	1	0	0	0	0	0	0	0	0	0	0	0	0	0
t2_100	1	1	0	0	0	0	0	0	0	0	0	0	0	0
t2_101	1	1	0	0	0	0	0	0	0	0	0	0	0	0
t2_102	1	1	0	0	0	0	0	0	0	0	0	0	0	0
t2_103	1	1	0	0	0	0	0	0	0	0	0	0	0	0
t2_104	1	1	0	0	0	0	0	0	0	0	0	0	0	0
t2_105	1	1	0	0	0	0	0	0	0	0	0	0	0	0
t2_106	1	0	0	0	0	0	0	0	0	0	0	0	0	0
t2_107	1	1	0	0	0	0	0	0	0	0	0	0	0	0
t2_108	1	0	0	0	0	0	0	0	0	0	0	0	0	0
t2_109	1	1	0	0	0	0	0	0	0	0	0	0	0	0
t2_110	1	0	0	0	0	0	0	0	0	0	0	0	0	0
t2_111	1	1	0	0	0	0	0	0	0	0	0	0	0	0
t2_112	1	0	0	0	0	0	0	0	0	0	0	0	0	0
t2_113	1	1	0	0	0	0	0	0	0	0	0	0	0	0
t2_114	1	1	0	0	0	0	0	0	0	0	0	0	0	0
t2_115	1	1	0	0	0	0	0	0	0	0	0	0	0	0
t2_116	1	1	0	0	0	0	0	0	0	0	0	0	0	0
t2_117	1	1	0	0	0	0	0	0	0	0	0	0	0	0
t2_118	1	0	0	0	0	0	0	0	0	0	0	0	0	0
t2_119	1	1	0	0	0	0	0	0	0	0	0	0	0	0
t2_120	1	1	0	0	0	0	0	0	0	0	0	0	0	0
t2_121	1	0	0	0	0	0	0	0	0	0	0	0	0	0
t2_122	1	0	0	0	0	0	0	0	0	0	0	0	0	0
t2_123	1	0	0	0	0	0	0	0	0	0	0	0	0	0
t2_124	1	1	0	0	0	0	0	0	0	0	0	0	0	0
t2_125	1	1	0	0	0	0	0	0	0	0	0	0	0	0
t2_126	1	1	0	0	0	0	0	0	0	0	0	0	0	0
t2_127	1	1	0	0	0	0	0	0	0	0	0	0	0	0
t2_128	1	1	0	0	0	0	0	0	0	0	0	0	0	0
t2_129	1	1	0	0	0	0	0	0	0	0	0	0	0	0
t2_130	1	1	0	0	0	0	0	0	0	0	0	0	0	0
t2_131	1	1	0	0	0	0	0	0	0	0	0	0	0	0
t2_132	1	1	0	0	0	0	0	0	0	0	0	0	0	0
t2_133	1	1	0	0	0	0	0	0	0	0	0	0	0	0
t2_134	1	1	0	0	0	0	0	0	0	0	0	0	0	0
t2_135	1	0	0	0	0	0	0	0	0	0	0	0	0	0
t2_136	1	1	0	0	0	0	0	0	0	0	0	0	0	0
t2_137	1	0	0	0	0	0	0	0	0	0	0	0	0	0
t2_138	1	1	0	0	0	0	0	0	0	0	0	0	0	0
t2_139	1	0	0	0	0	0	0	0	0	0	0	0	0	0
t2_140	1	1	0	0	0	0	0	0	0	0	0	0	0	0
t2_141	1	1	0	0	0	0	0	0	0	0	0	0	0	0
t2_142	1	0	0	0	0	0	0	0	0	0	0	0	0	0
t2_143	1	1	0	0	0	0	0	0	0	0	0	0	0	0
t2_144	1	0	0	0	0	0	0	0	0	0	0	0	0	0
t2_145	1	0	0	0	0	0	0	0	0	0	0	0	0	0
t2_146	1	0	0	0	0	0	0	0	0	0	0	0	0	0
t2_147	1	1	0	0	0	0	0	0	0	0	0	0	0	0
t2_148	1	1	0	0	0	0	0	0	0	0	0	0	0	0
t2_149	1	1	0	0	0	0	0	0	0	0	0	0	0	0
t2_150	1	1	0	0	0	0	0	0	0	0	0	0	0	0
t2_151	1	1	0	0	0	0	0	0	0	0	0	0	0	0
t2_152	1	0	0	0	0	0	0	0	0	0	0	0	0	0
t2_153	1	0	0	0	0	0	0	0	0	0	0	0	0	0
t2_154	1	0	0	0	0	0	0	0	0	0	0	0	0	0
t2_155	1	0	0	0	0	0	0	0	0	0	0	0	0	0
t2_156	1	0	0	0	0	0	0	0	0	0	0	0	0	0
t2_157	1	1	0	0	0	0	0	0	0	0	0	0	0	0
t2_158	1	0	0	0	0	0	0	0	0	0	0	0	0	0
t2_159	1	1	0	0	0	0	0	0	0	0	0	0	0	0
t2_160	1	0	0	0	0	0	0	0	0	0	0	0	0	0
t2_161	1	1	0	0	0	0	0	0	0	0	0	0	0	0
t2_162	1	1	0	0	0	0	0	0	0	0	0	0	0	0
t2_163	1	1	0	0	0	0	0	0	0	0	0	0	0	0
t2_164	1	0	0	0	0	0	0	0	0	0	0	0	0	0
t2_165	1	1	0	0	0	0	0	0	0	0	0	0	0	0
t2_166	1	0	0	0	0	0	0	0	0	0	0	0	0	0
t2_167	1	0	0	0	0	0	0	0	0	0	0	0	0	0
t2_168	1	0	0	0	0	0	0	0	0	0	0	0	0	0
t2_169	1	1	0	0	0	0	0	0	0	0	0	0	0	0
t2_170	1	0	0	0	0	0	0	0	0	0	0	0	0	0
t2_171	1	0	0	0	0	0	0	0	0	0	0	0	0	0
t2_172	1	1	0	0	0	0	0	0	0	0	0	0	0	0
t2_173	1	0	0	0	0	0	0	0	0	0	0	0	0	0
t2_174	1	1	0	0	0	0	0	0	0	0	0	0	0	0
t2_175	1	0	0	0	0	0	0	0	0	0	0	0	0	0
t2_176	1	0	0	0	0	0	0	0	0	0	0	0	0	0
t2_177	1	0	0	0	0	0	0	0	0	0	0	0	0	0
t2_178	1	1	0	0	0	0	0	0	0	0	0	0	0	0
t2_179	1	0	0	0	0	0	0	0	0	0	0	0	0	0
t2_180	1	1	0	0	0	0	0	0	0	0	0	0	0	0
t2_181	1	0	0	0	0	0	0	0	0	0	0	0	0	0
t2_182	1	1	0	0	0	0	0	0	0	0	0	0	0	0
t2_183	1	1	0	0	0	0	0	0	0	0	0	0	0	0
t2_184	1	1	0	0	0	0	0	0	0	0	0	0	0	0
t2_185	1	0	0	0	0	0	0	0	0	0	0	0	0	0
t2_186	1	1	0	0	0	0	0	0	0	0	0	0	0	0
t2_187	1	1	0	0	0	0	0	0	0	0	0	0	0	0
t2_188	1	0	0	0	0	0	0	0	0	0	0	0	0	0
t2_189	1	0	0	0	0	0	0	0	0	0	0	0	0	0
t2_190	1	0	0	0	0	0	0	0	0	0	0	0	0	0
t2_191	1	1	0	0	0	0	0	0	0	0	0	0	0	0
t2_192	1	0	0	0	0	0	0	0	0	0	0	0	0	0
t2_193	1	0	0	0	0	0	0	0	0	0	0	0	0	0
t2_194	1	0	0	0	0	0	0	0	0	0	0	0	0	0
t2_195	1	1	0	0	0	0	0	0	0	0	0	0	0	0
t2_196	1	0	0	0	0	0	0	0	0	0	0	0	0	0
t2_197	1	1	0	0	0	0	0	0	0	0	0	0	0	0
t2_198	1	0	0	0	0	0	0	0	0	0	0	0	0	0
t2_199	1	1	0	0	0	0	0	0	0	0	0	0	0	0
t2_200	1	0	0	0	0	0	0	0	0	0	0	0	0	0
t2_201	1	1	0	0	0	0	0	0	0	0	0	0	0	0
t2_202	1	1	0	0	0	0	0	0	0	0	0	0	0	0
t2_203	1	1	0	0	0	0	0	0	0	0	0	0	0	0
t2_204	1	0	0	0	0	0	0	0	0	0	0	0	0	0
t2_205	1	1	0	0	0	0	0	0	0	0	0	0	0	0
t2_206	1	0	0	0	0	0	0	0	0	0	0	0	0	0
t2_207	1	0	0	0	0	0	0	0	0	0	0	0	0	0
t2_208	1	1	0	0	0	0	0	0	0	0	0	0	0	0
t2_209	1	1	0	0	0	0	0	0	0	0	0	0	0	0
t2_210	1	0	0	0	0	0	0	0	0	0	0	0	0	0
t2_211	1	1	0	0	0	0	0	0	0	0	0	0	0	0
t2_212	1	0	0	0	0	0	0	0	0	0	0	0	0	0
t2_213	1	0	0	0	0	0	0	0	0	0	0	0	0	0
t2_214	1	0	0	0	0	0	0	0	0	0	0	0	0	0
t2_215	1	1	0	0	0	0	0	0	0	0	0	0	0	0
t2_216	1	1	0	0	0	0	0	0	0	0	0	0	0	0
t2_217	1	0	0	0	0	0	0	0	0	0	0	0	0	0
t2_218	1	0	0	0	0	0	0	0	0	0	0	0	0	0
t2_219	1	1	0	0	0	0	0	0	0	0	0	0	0	0
t2_220	1	1	0	0	0	0	0	0	0	0	0	0	0	0
t2_221	1	1	0	0	0	0	0	0	0	0	0	0	0	0
t2_222	1	1	0	0	0	0	0	0	0	0	0	0	0	0
t2_223	1	0	0	0	0	0	0	0	0	0	0	0	0	0
t2_224	1	1	0	0	0	0	0	0	0	0	0	0	0	0
t2_225	1	0	0	0	0	0	0	0	0	0	0	0	0	0
t2_226	1	0	0	0	0	0	0	0	0	0	0	0	0	0
t2_227	1	0	0	0	0	0	0	0	0	0	0	0	0	0
t2_228	1	1	0	0	0	0	0	0	0	0	0	0	0	0
t2_229	1	1	0	0	0	0	0	0	0	0	0	0	0	0
t2_230	1	1	0	0	0	0	0	0	0	0	0	0	0	0
t2_231	1	1	0	0	0	0	0	0	0	0	0	0	0	0
t2_232	1	0	0	0	0	0	0	0	0	0	0	0	0	0
t2_233	1	0	0	0	0	0	0	0	0	0	0	0	0	0
t2_234	1	1	0	0	0	0	0	0	0	0	0	0	0	0
t2_235	1	0	0	0	0	0	0	0	0	0	0	0	0	0
t2_236	1	0	0	0	0	0	0	0	0	0	0	0	0	0
t2_237	1	1	0	0	0	0	0	0	0	0	0	0	0	0
t2_238	1	1	0	0	0	0	0	0	0	0	0	0	0	0
t2_239	1	1	0	0	0	0	0	0	0	0	0	0	0	0
t2_240	1	1	0	0	0	0	0	0	0	0	0	0	0	0
t2_241	1	1	0	0	0	0	0	0	0	0	0	0	0	0
t2_242	1	0	0	0	0	0	0	0	0	0	0	0	0	0
t2_243	1	1	0	0	0	0	0	0	0	0	0	0	0	0
t2_244	1	1	0	0	0	0	0	0	0	0	0	0	0	0
t2_245	1	0	0	0	0	0	0	0	0	0	0	0	0	0
t2_246	1	1	0	0	0	0	0	0	0	0	0	0	0	0
t2_247	1	0	0	0	0	0	0	0	0	0	0	0	0	0
t2_248	1	0	0	0	0	0	0	0	0	0	0	0	0	0
t2_249	1	1	0	0	0	0	0	0	0	0	0	0	0	0
t2_250	1	0	0	0	0	0	0	0	0	0	0	0	0	0
t2_251	1	1	0	0	0	0	0	0	0	0	0	0	0	0
t2_252	1	1	0	0	0	0	0	0	0	0	0	0	0	0
t2_253	1	1	0	0	0	0	0	0	0	0	0	0	0	0
t2_254	1	0	0	0	0	0	0	0	0	0	0	0	0	0
t2_255	1	0	0	0	0	0	0	0	0	0	0	0	0	0
t2_256	1	0	0	0	0	0	0	0	0	0	0	0	0	0
t2_257	1	0	0	0	0	0	0	0	0	0	0	0	0	0
t2_258	1	0	0	0	0	0	0	0	0	0	0	0	0	0
t2_259	1	1	0	0	0	0	0	0	0	0	0	0	0	0
t2_260	1	1	0	0	0	0	0	0	0	0	0	0	0	0
t2_261	1	0	0	0	0	0	0	0	0	0	0	0	0	0
t2_262	1	0	0	0	0	0	0	0	0	0	0	0	0	0
t2_263	1	0	0	0	0	0	0	0	0	0	0	0	0	0
t2_264	1	1	0	0	0	0	0	0	0	0	0	0	0	0
t2_265	1	0	0	0	0	0	0	0	0	0	0	0	0	0
t2_266	1	0	0	0	0	0	0	0	0	0	0	0	0	0
t2_267	1	0	0	0	0	0	0	0	0	0	0	0	0	0
t2_268	1	0	0	0	0	0	0	0	0	0	0	0	0	0
t2_269	1	0	0	0	0	0	0	0	0	0	0	0	0	0
t2_270	1	0	0	0	0	0	0	0	0	0	0	0	0	0
t2_271	1	1	0	0	0	0	0	0	0	0	0	0	0	0
t2_272	1	0	0	0	0	0	0	0	0	0	0	0	0	0
t2_273	1	1	0	0	0	0	0	0	0	0	0	0	0	0
t2_274	1	0	0	0	0	0	0	0	0	0	0	0	0	0
t2_275	1	1	0	0	0	0	0	0	0	0	0	0	0	0
t2_276	1	1	0	0	0	0	0	0	0	0	0	0	0	0
t2_277	1	1	0	0	0	0	0	0	0	0	0	0	0	0
t2_278	1	1	0	0	0	0	0	0	0	0	0	0	0	0
t2_279	1	1	0	0	0	0	0	0	0	0	0	0	0	0
t2_280	1	0	0	0	0	0	0	0	0	0	0	0	0	0
t2_281	1	0	0	0	0	0	0	0	0	0	0	0	0	0
t2_282	1	0	0	0	0	0	0	0	0	0	0	0	0	0
t2_283	1	0	0	0	0	0	0	0	0	0	0	0	0	0
t2_284	1	0	0	0	0	0	0	0	0	0	0	0	0	0
t2_285	1	0	0	0	0	0	0	0	0	0	0	0	0	0
t2_286	1	0	0	0	0	0	0	0	0	0	0	0	0	0
t2_287	1	0	0	0	0	0	0	0	0	0	0	0	0	0
t2_288	1	1	0	0	0	0	0	0	0	0	0	0	0	0
t2_289	1	0	0	0	0	0	0	0	0	0	0	0	0	0
t2_290	1	1	0	0	0	0	0	0	0	0	0	0	0	0
t2_291	1	0	0	0	0	0	0	0	0	0	0	0	0	0
t2_292	1	0	0	0	0	0	0	0	0	0	0	0	0	0
t2_293	1	0	0	0	0	0	0	0	0	0	0	0	0	0
t2_294	1	0	0	0	0	0	0	0	0	0	0	0	0	0
t2_295	1	1	0	0	0	0	0	0	0	0	0	0	0	0
t2_296	1	1	0	0	0	0	0	0	0	0	0	0	0	0
t2_297	1	0	0	0	0	0	0	0	0	0	0	0	0	0
t2_298	1	0	0	0	0	0	0	0	0	0	0	0	0	0
t2_299	1	0	0	0	0	0	0	0	0	0	0	0	0	0
t2_300	1	1	0	0	0	0	0	0	0	0	0	0	0	0
t2_301	1	0	0	0	0	0	0	0	0	0	0	0	0	0
t2_302	1	0	0	0	0	0	0	0	0	0	0	0	0	0
t2_303	1	1	0	0	0	0	0	0	0	0	0	0	0	0
t2_304	1	0	0	0	0	0	0	0	0	0	0	0	0	0
t2_305	1	0	0	0	0	0	0	0	0	0	0	0	0	0
t2_306	1	0	0	0	0	0	0	0	0	0	0	0	0	0
t2_307	1	1	0	0	0	0	0	0	0	0	0	0	0	0
t2_308	1	1	0	0	0	0	0	0	0	0	0	0	0	0
t2_309	1	0	0	0	0	0	0	0	0	0	0	0	0	0
t2_310	1	0	0	0	0	0	0	0	0	0	0	0	0	0
t2_311	1	0	0	0	0	0	0	0	0	0	0	0	0	0
t2_312	1	0	0	0	0	0	0	0	0	0	0	0	0	0
t2_313	1	1	0	0	0	0	0	0	0	0	0	0	0	0
t2_314	1	0	0	0	0	0	0	0	0	0	0	0	0	0
t2_315	1	1	0	0	0	0	0	0	0	0	0	0	0	0
t2_316	1	0	0	0	0	0	0	0	0	0	0	0	0	0
t2_317	1	0	0	0	0	0	0	0	0	0	0	0	0	0
t2_318	1	1	0	0	0	0	0	0	0	0	0	0	0	0
t2_319	1	1	0	0	0	0	0	0	0	0	0	0	0	0
t2_320	1	1	0	0	0	0	0	0	0	0	0	0	0	0
t2_321	1	1	0	0	0	0	0	0	0	0	0	0	0	0
t2_322	1	1	0	0	0	0	0	0	0	0	0	0	0	0
t2_323	1	0	0	0	0	0	0	0	0	0	0	0	0	0
t2_324	1	0	0	0	0	0	0	0	0	0	0	0	0	0
t2_325	1	1	0	0	0	0	0	0	0	0	0	0	0	0
t2_326	1	1	0	0	0	0	0	0	0	0	0	0	0	0
t2_327	1	0	0	0	0	0	0	0	0	0	0	0	0	0
t2_328	1	0	0	0	0	0	0	0	0	0	0	0	0	0
t2_329	1	0	0	0	0	0	0	0	0	0	0	0	0	0
t2_330	1	0	0	0	0	0	0	0	0	0	0	0	0	0
t2_331	1	0	0	0	0	0	0	0	0	0	0	0	0	0
t2_332	1	1	0	0	0	0	0	0	0	0	0	0	0	0
t2_333	1	0	0	0	0	0	0	0	0	0	0	0	0	0
t2_334	1	0	0	0	0	0	0	0	0	0	0	0	0	0
t2_335	1	0	0	0	0	0	0	0	0	0	0	0	0	0
t2_336	1	0	0	0	0	0	0	0	0	0	0	0	0	0
t2_337	1	1	0	0	0	0	0	0	0	0	0	0	0	0
t2_338	1	0	0	0	0	0	0	0	0	0	0	0	0	0
t2_339	1	1	0	0	0	0	0	0	0	0	0	0	0	0
t2_340	1	0	0	0	0	0	0	0	0	0	0	0	0	0
t2_341	1	1	0	0	0	0	0	0	0	0	0	0	0	0
t2_342	1	1	0	0	0	0	0	0	0	0	0	0	0	0
t2_343	1	1	0	0	0	0	0	0	0	0	0	0	0	0
t2_344	1	1	0	0	0	0	0	0	0	0	0	0	0	0
t2_345	1	1	0	0	0	0	0	0	0	0	0	0	0	0
t2_346	1	0	0	0	0	0	0	0	0	0	0	0	0	0
t2_347	1	1	0	0	0	0	0	0	0	0	0	0	0	0
t2_348	1	1	0	0	0	0	0	0	0	0	0	0	0	0
t2_349	1	1	0	0	0	0	0	0	0	0	0	0	0	0
t2_350	1	0	0	0	0	0	0	0	0	0	0	0	0	0
t2_351	1	0	0	0	0	0	0	0	0	0	0	0	0	0
t2_352	1	0	0	0	0	0	0	0	0	0	0	0	0	0
t2_353	1	0	0	0	0	0	0	0	0	0	0	0	0	0
t2_354	1	0	1	0	0	0	0	0	0	0	0	0	0	0
t2_355	1	0	0	0	0	0	0	0	0	0	0	0	0	0
t2_356	1	0	0	0	0	0	0	0	0	0	0	0	0	0
t2_357	1	0	0	0	0	0	0	0	0	0	0	0	0	0
t2_358	1	1	0	0	0	0	0	0	0	0	0	0	0	0
t2_359	1	1	0	0	0	0	0	0	0	0	0	0	0	0
t2_360	1	0	0	0	0	0	0	0	0	0	0	0	0	0
t2_361	1	1	0	0	0	0	0	0	0	0	0	0	0	0
t2_362	1	1	0	0	0	0	0	0	0	0	0	0	0	0
t2_363	1	1	0	0	0	0	0	0	0	0	0	0	0	0
t2_364	1	1	0	0	0	0	0	0	0	0	0	0	0	0
t2_365	1	0	0	0	0	0	0	0	0	0	0	0	0	0
t2_366	1	0	0	0	0	0	0	0	0	0	0	0	0	0
t2_367	1	0	1	0	0	0	0	0	0	0	0	0	0	0
t2_368	1	0	0	0	0	0	0	0	0	0	0	0	0	0
t2_369	1	1	0	0	0	0	0	0	0	0	0	0	0	0
t2_370	1	0	0	0	0	0	0	0	0	0	0	0	0	0
t2_371	1	1	0	0	0	0	0	0	0	0	0	0	0	0
t2_372	1	1	0	0	0	0	0	0	0	0	0	0	0	0
t2_373	1	0	0	0	0	0	0	0	0	0	0	0	0	0
t2_374	1	1	0	0	0	0	0	0	0	0	0	0	0	0
t2_375	1	0	0	0	0	0	0	0	0	0	0	0	0	0
t2_376	1	0	0	0	0	0	0	0	0	0	0	0	0	0
t2_377	1	1	0	0	0	0	0	0	0	0	0	0	0	0
t2_378	1	0	0	0	0	0	0	0	0	0	0	0	0	0
t2_379	1	0	0	0	0	0	0	0	0	0	0	0	0	0
t2_380	1	0	0	0	0	0	0	0	0	0	0	0	0	0
t2_381	1	1	0	0	0	0	0	0	0	0	0	0	0	0
t2_382	1	1	0	0	0	0	0	0	0	0	0	0	0	0
t2_383	1	1	0	0	0	0	0	0	0	0	0	0	0	0
t2_384	1	1	0	0	0	0	0	0	0	0	0	0	0	0
t2_385	1	0	0	0	0	0	0	0	0	0	0	0	0	0
t2_386	1	1	0	0	0	0	0	0	0	0	0	0	0	0
t2_387	1	0	0	0	0	0	0	0	0	0	0	0	0	0
t2_388	1	0	0	0	0	0	0	0	0	0	0	0	0	0
t2_389	1	1	0	0	0	0	0	0	0	0	0	0	0	0
t2_390	1	1	0	0	0	0	0	0	0	0	0	0	0	0
t2_391	1	1	0	0	0	0	0	0	0	0	0	0	0	0
t2_392	1	0	0	0	0	0	0	0	0	0	0	0	0	0
t2_393	1	1	0	0	0	0	0	0	0	0	0	0	0	0
t2_394	1	0	0	0	0	0	0	0	0	0	0	0	0	0
t2_395	1	1	0	0	0	0	0	0	0	0	0	0	0	0
t2_396	1	1	0	0	0	0	0	0	0	0	0	0	0	0
t2_397	1	1	0	0	0	0	0	0	0	0	0	0	0	0
t2_398	1	1	0	0	0	0	0	0	0	0	0	0	0	0
t2_399	1	1	0	0	0	0	0	0	0	0	0	0	0	0
t2_400	1	1	0	0	0	0	0	0	0	0	0	0	0	0
t2_401	1	1	0	0	0	0	0	0	0	0	0	0	0	0
t2_402	1	1	0	0	0	0	0	0	0	0	0	0	0	0
t2_403	1	1	0	0	0	0	0	0	0	0	0	0	0	0
t2_404	1	0	0	0	0	0	0	0	0	0	0	0	0	0
t2_405	1	1	0	0	0	0	0	0	0	0	0	0	0	0
t2_406	1	0	0	0	0	0	0	0	0	0	0	0	0	0
t2_407	1	0	0	0	0	0	0	0	0	0	0	0	0	0
t2_408	1	0	0	0	0	0	0	0	0	0	0	0	0	0
t2_409	1	1	0	0	0	0	0	0	0	0	0	0	0	0
t2_410	1	1	0	0	0	0	0	0	0	0	0	0	0	0
t2_411	1	1	0	0	0	0	0	0	0	0	0	0	0	0
t2_412	1	1	0	0	0	0	0	0	0	0	0	0	0	0
t2_413	1	1	0	0	0	0	0	0	0	0	0	0	0	0
t2_414	1	1	0	0	0	0	0	0	0	0	0	0	0	0
t2_415	1	1	0	0	0	0	0	0	0	0	0	0	0	0
t2_416	1	1	0	0	0	0	0	0	0	0	0	0	0	0
t2_417	1	1	0	0	0	0	0	0	0	0	0	0	0	0
t2_418	1	1	0	0	0	0	0	0	0	0	0	0	0	0
t2_419	1	1	0	0	0	0	0	0	0	0	0	0	0	0
t2_420	1	1	0	0	0	0	0	0	0	0	0	0	0	0
t2_421	1	0	0	0	0	0	0	0	0	0	0	0	0	0
t2_422	1	0	0	0	0	0	0	0	0	0	0	0	0	0
t2_423	1	0	0	0	0	0	0	0	0	0	0	0	0	0
t2_424	1	0	0	0	0	0	0	0	0	0	0	0	0	0
t2_425	1	1	0	0	0	0	0	0	0	0	0	0	0	0
t2_426	1	0	0	0	0	0	0	0	0	0	0	0	0	0
t2_427	1	1	0	0	0	0	0	0	0	0	0	0	0	0
t2_428	1	0	0	0	0	0	0	0	0	0	0	0	0	0
t2_429	1	0	0	0	0	0	0	0	0	0	0	0	0	0
t2_430	1	0	0	0	0	0	0	0	0	0	0	0	0	0
t2_431	1	0	0	0	0	0	0	0	0	0	0	0	0	0
t2_432	1	0	0	0	0	0	0	0	0	0	0	0	0	0
t2_433	1	1	0	0	0	0	0	0	0	0	0	0	0	0
t2_434	1	0	0	0	0	0	0	0	0	0	0	0	0	0
t2_435	1	1	0	0	0	0	0	0	0	0	0	0	0	0
t2_436	1	0	0	0	0	0	0	0	0	0	0	0	0	0
t2_437	1	0	0	0	0	0	0	0	0	0	0	0	0	0
t2_438	1	1	0	0	0	0	0	0	0	0	0	0	0	0
t2_439	1	0	0	0	0	0	0	0	0	0	0	0	0	0
t2_440	1	0	0	0	0	0	0	0	0	0	0	0	0	0
t2_441	1	0	0	0	0	0	0	0	0	0	0	0	0	0
t2_442	1	1	0	0	0	0	0	0	0	0	0	0	0	0
t2_443	1	0	0	0	0	0	0	0	0	0	0	0	0	0
t2_444	1	0	0	0	0	0	0	0	0	0	0	0	0	0
t2_445	1	0	0	0	0	0	0	0	0	0	0	0	0	0
t2_446	1	0	0	0	0	0	0	0	0	0	0	0	0	0
t2_447	1	1	0	0	0	0	0	0	0	0	0	0	0	0
t2_448	1	1	0	0	0	0	0	0	0	0	0	0	0	0
t2_449	1	0	0	0	0	0	0	0	0	0	0	0	0	0
t2_450	1	0	0	0	0	0	0	0	0	0	0	0	0	0
t2_451	1	0	0	0	0	0	0	0	0	0	0	0	0	0
t2_452	1	1	0	0	0	0	0	0	0	0	0	0	0	0
t2_453	1	1	0	0	0	0	0	0	0	0	0	0	0	0
t2_454	1	1	0	0	0	0	0	0	0	0	0	0	0	0
t2_455	1	1	0	0	0	0	0	0	0	0	0	0	0	0
t2_456	1	0	0	0	0	0	0	0	0	0	0	0	0	0
t2_457	1	0	0	0	0	0	0	0	0	0	0	0	0	0
t2_458	1	0	0	0	0	0	0	0	0	0	0	0	0	0
t2_459	1	0	0	0	0	0	0	0	0	0	0	0	0	0
t2_460	1	0	0	0	0	0	0	0	0	0	0	0	0	0
t2_461	1	0	0	0	0	0	0	0	0	0	0	0	0	0
t2_462	1	1	0	0	0	0	0	0	0	0	0	0	0	0
t2_463	1	0	0	0	0	0	0	0	0	0	0	0	0	0
t2_464	1	0	0	0	0	0	0	0	0	0	0	0	0	0
t2_465	1	0	0	0	0	0	0	0	0	0	0	0	0	0
t2_466	1	1	0	0	0	0	0	0	0	0	0	0	0	0
t2_467	1	1	0	0	0	0	0	0	0	0	0	0	0	0
t2_468	1	1	0	0	0	0	0	0	0	0	0	0	0	0
t2_469	1	1	0	0	0	0	0	0	0	0	0	0	0	0
t2_470	1	1	0	0	0	0	0	0	0	0	0	0	0	0
t2_471	1	1	0	0	0	0	0	0	0	0	0	0	0	0
t2_472	1	1	0	0	0	0	0	0	0	0	0	0	0	0
t2_473	1	1	0	0	0	0	0	0	0	0	0	0	0	0
t2_474	1	0	0	0	0	0	0	0	0	0	0	0	0	0
t2_475	1	0	0	0	0	0	0	0	0	0	0	0	0	0
t2_476	1	0	0	0	0	0	0	0	0	0	0	0	0	0
t2_477	1	1	0	0	0	0	0	0	0	0	0	0	0	0
t2_478	1	1	0	0	0	0	0	0	0	0	0	0	0	0
t2_479	1	1	0	0	0	0	0	0	0	0	0	0	0	0
t2_480	1	1	0	0	0	0	0	0	0	0	0	0	0	0
t2_481	1	1	0	0	0	0	0	0	0	0	0	0	0	0
t2_482	1	1	0	0	0	0	0	0	0	0	0	0	0	0
t2_483	1	1	0	0	0	0	0	0	0	0	0	0	0	0
t2_484	1	1	0	0	0	0	0	0	0	0	0	0	0	0
t2_485	1	0	0	0	0	0	0	0	0	0	0	0	0	0
t2_486	1	0	0	0	0	0	0	0	0	0	0	0	0	0
t2_487	1	0	0	0	0	0	0	0	0	0	0	0	0	0
t2_488	1	1	0	0	0	0	0	0	0	0	0	0	0	0
t2_489	1	0	0	0	0	0	0	0	0	0	0	0	0	0
t2_490	1	1	0	0	0	0	0	0	0	0	0	0	0	0
t2_491	1	1	0	0	0	0	0	0	0	0	0	0	0	0
t2_492	1	1	0	0	0	0	0	0	0	0	0	0	0	0
t2_493	1	1	0	0	0	0	0	0	0	0	0	0	0	0
t2_494	1	0	0	0	0	0	0	0	0	0	0	0	0	0
t2_495	1	0	0	0	0	0	0	0	0	0	0	0	0	0
t2_496	1	0	0	0	0	0	0	0	0	0	0	0	0	0
t2_497	1	1	0	0	0	0	0	0	0	0	0	0	0	0
t2_498	1	0	0	0	0	0	0	0	0	0	0	0	0	0
t2_499	1	0	0	0	0	0	0	0	0	0	0	0	0	0
t2_500	1	1	0	0	0	0	0	0	0	0	0	0	0	0
t2_501	1	0	0	0	0	0	0	0	0	0	0	0	0	0
t2_502	1	1	0	0	0	0	0	0	0	0	0	0	0	0
t2_503	1	0	0	0	0	0	0	0	0	0	0	0	0	0
t2_504	1	1	0	0	0	0	0	0	0	0	0	0	0	0
t2_505	1	1	0	0	0	0	0	0	0	0	0	0	0	0
t2_506	1	1	0	0	0	0	0	0	0	0	0	0	0	0
t2_507	1	1	0	0	0	0	0	0	0	0	0	0	0	0
t2_508	1	0	0	0	0	0	0	0	0	0	0	0	0	0
t2_509	1	1	0	0	0	0	0	0	0	0	0	0	0	0
t2_510	1	0	0	0	0	0	0	0	0	0	0	0	0	0
t2_511	1	0	0	0	0	0	0	0	0	0	0	0	0	0
t2_512	1	0	0	0	0	0	0	0	0	0	0	0	0	0
t2_513	1	1	0	0	0	0	0	0	0	0	0	0	0	0
t2_514	1	1	0	0	0	0	0	0	0	0	0	0	0	0
t2_515	1	0	0	0	0	0	0	0	0	0	0	0	0	0
t2_516	1	0	0	0	0	0	0	0	0	0	0	0	0	0
t2_517	1	0	0	0	0	0	0	0	0	0	0	0	0	0
t2_518	1	1	0	0	0	0	0	0	0	0	0	0	0	0
t2_519	1	1	0	0	0	0	0	0	0	0	0	0	0	0
t2_520	1	1	0	0	0	0	0	0	0	0	0	0	0	0
t2_521	1	1	0	0	0	0	0	0	0	0	0	0	0	0
t2_522	1	1	0	0	0	0	0	0	0	0	0	0	0	0
t2_523	1	0	0	0	0	0	0	0	0	0	0	0	0	0
t2_524	1	1	0	0	0	0	0	0	0	0	0	0	0	0
t2_525	1	1	0	0	0	0	0	0	0	0	0	0	0	0
t2_526	1	1	0	0	0	0	0	0	0	0	0	0	0	0
t2_527	1	1	0	0	0	0	0	0	0	0	0	0	0	0
t2_528	1	1	0	0	0	0	0	0	0	0	0	0	0	0
t2_529	1	0	0	0	0	0	0	0	0	0	0	0	0	0
t2_530	1	0	0	0	0	0	0	0	0	0	0	0	0	0
t2_531	1	1	0	0	0	0	0	0	0	0	0	0	0	0
t2_532	1	1	0	0	0	0	0	0	0	0	0	0	0	0
t2_533	1	1	0	0	0	0	0	0	0	0	0	0	0	0
t2_534	1	1	0	0	0	0	0	0	0	0	0	0	0	0
t2_535	1	1	0	0	0	0	0	0	0	0	0	0	0	0
t2_536	1	1	0	0	0	0	0	0	0	0	0	0	0	0
t2_537	1	1	0	0	0	0	0	0	0	0	0	0	0	0
t2_538	1	1	0	0	0	0	0	0	0	0	0	0	0	0
t2_539	1	1	0	0	0	0	0	0	0	0	0	0	0	0
t2_540	1	0	0	0	0	0	0	0	0	0	0	0	0	0
t2_541	1	0	0	0	0	0	0	0	0	0	0	0	0	0
t2_542	1	0	0	0	0	0	0	0	0	0	0	0	0	0
t2_543	1	0	0	0	0	0	0	0	0	0	0	0	0	0
t2_544	1	0	0	0	0	0	0	0	0	0	0	0	0	0
t2_545	1	0	0	0	0	0	0	0	0	0	0	0	0	0
t2_546	1	1	0	0	0	0	0	0	0	0	0	0	0	0
t2_547	1	1	0	0	0	0	0	0	0	0	0	0	0	0
t2_548	1	0	0	0	0	0	0	0	0	0	0	0	0	0
t2_549	1	0	0	0	0	0	0	0	0	0	0	0	0	0
t2_550	1	1	0	0	0	0	0	0	0	0	0	0	0	0
t2_551	1	0	0	0	0	0	0	0	0	0	0	0	0	0
t2_552	1	1	0	0	0	0	0	0	0	0	0	0	0	0
t2_553	1	0	0	0	0	0	0	0	0	0	0	0	0	0
t2_554	1	0	0	0	0	0	0	0	0	0	0	0	0	0
t2_555	1	1	0	0	0	0	0	0	0	0	0	0	0	0
t2_556	1	1	0	0	0	0	0	0	0	0	0	0	0	0
t2_557	1	1	0	0	0	0	0	0	0	0	0	0	0	0
t2_558	1	0	0	0	0	0	0	0	0	0	0	0	0	0
t2_559	1	1	0	0	0	0	0	0	0	0	0	0	0	0
t2_560	1	0	0	0	0	0	0	0	0	0	0	0	0	0
t2_561	1	1	0	0	0	0	0	0	0	0	0	0	0	0
t2_562	1	0	0	0	0	0	0	0	0	0	0	0	0	0
t2_563	1	1	0	0	0	0	0	0	0	0	0	0	0	0
t2_564	1	0	0	0	0	0	0	0	0	0	0	0	0	0
t2_565	1	1	0	0	0	0	0	0	0	0	0	0	0	0
t2_566	1	0	0	0	0	0	0	0	0	0	0	0	0	0
t2_567	1	0	0	0	0	0	0	0	0	0	0	0	0	0
t2_568	1	1	0	0	0	0	0	0	0	0	0	0	0	0
t2_569	1	1	0	0	0	0	0	0	0	0	0	0	0	0
t2_570	1	1	0	0	0	0	0	0	0	0	0	0	0	0
t2_571	1	0	0	0	0	0	0	0	0	0	0	0	0	0
t2_572	1	0	0	0	0	0	0	0	0	0	0	0	0	0
t2_573	1	1	0	0	0	0	0	0	0	0	0	0	0	0
t2_574	1	1	0	0	0	0	0	0	0	0	0	0	0	0
t2_575	1	0	0	0	0	0	0	0	0	0	0	0	0	0
t2_576	1	0	0	0	0	0	0	0	0	0	0	0	0	0
t2_577	1	0	0	0	0	0	0	0	0	0	0	0	0	0
t2_578	1	0	0	0	0	0	0	0	0	0	0	0	0	0
t2_579	1	0	0	0	0	0	0	0	0	0	0	0	0	0
t2_580	1	1	0	0	0	0	0	0	0	0	0	0	0	0
t2_581	1	0	1	0	0	0	0	0	0	0	0	0	0	0
t2_582	1	0	0	0	0	0	0	0	0	0	0	0	0	0
t2_583	1	1	0	0	0	0	0	0	0	0	0	0	0	0
t2_584	1	1	0	0	0	0	0	0	0	0	0	0	0	0
t2_585	1	1	0	0	0	0	0	0	0	0	0	0	0	0
t2_586	1	0	0	0	0	0	0	0	0	0	0	0	0	0
t2_587	1	1	0	0	0	0	0	0	0	0	0	0	0	0
t2_588	1	0	0	0	0	0	0	0	0	0	0	0	0	0
t2_589	1	1	0	0	0	0	0	0	0	0	0	0	0	0
t2_590	1	1	0	0	0	0	0	0	0	0	0	0	0	0
t2_591	1	1	0	0	0	0	0	0	0	0	0	0	0	0
t2_592	1	0	0	0	0	0	0	0	0	0	0	0	0	0
t2_593	1	1	0	0	0	0	0	0	0	0	0	0	0	0
t2_594	1	1	0	0	0	0	0	0	0	0	0	0	0	0
t2_595	1	1	0	0	0	0	0	0	0	0	0	0	0	0
t2_596	1	1	0	0	0	0	0	0	0	0	0	0	0	0
t2_597	1	0	1	0	0	0	0	0	0	0	0	0	0	0
t2_598	1	1	0	0	0	0	0	0	0	0	0	0	0	0
t2_599	1	1	0	0	0	0	0	0	0	0	0	0	0	0
t2_600	1	1	0	0	0	0	0	0	0	0	0	0	0	0
t2_601	1	0	0	0	0	0	0	0	0	0	0	0	0	0
t2_602	1	1	0	0	0	0	0	0	0	0	0	0	0	0
t2_603	1	1	0	0	0	0	0	0	0	0	0	0	0	0
t2_604	1	0	1	0	0	0	0	0	0	0	0	0	0	0
t2_605	1	1	0	0	0	0	0	0	0	0	0	0	0	0
t2_606	1	0	0	0	0	0	0	0	0	0	0	0	0	0
t2_607	1	1	0	0	0	0	0	0	0	0	0	0	0	0
t2_608	1	1	0	0	0	0	0	0	0	0	0	0	0	0
t2_609	1	0	0	0	0	0	0	0	0	0	0	0	0	0
t2_610	1	1	0	0	0	0	0	0	0	0	0	0	0	0
t2_611	1	0	0	0	0	0	0	0	0	0	0	0	0	0
t2_612	1	1	0	0	0	0	0	0	0	0	0	0	0	0
t2_613	1	1	0	0	0	0	0	0	0	0	0	0	0	0
t2_614	1	1	0	0	0	0	0	0	0	0	0	0	0	0
t2_615	1	1	0	0	0	0	0	0	0	0	0	0	0	0
t2_616	1	0	0	0	0	0	0	0	0	0	0	0	0	0
t2_617	1	1	0	0	0	0	0	0	0	0	0	0	0	0
t2_618	1	0	0	0	0	0	0	0	0	0	0	0	0	0
t2_619	1	1	0	0	0	0	0	0	0	0	0	0	0	0
t2_620	1	0	0	0	0	0	0	0	0	0	0	0	0	0
t2_621	1	0	0	0	0	0	0	0	0	0	0	0	0	0
t2_622	1	0	0	0	0	0	0	0	0	0	0	0	0	0
t2_623	1	1	0	0	0	0	0	0	0	0	0	0	0	0
t2_624	1	1	0	0	0	0	0	0	0	0	0	0	0	0
t2_625	1	1	0	0	0	0	0	0	0	0	0	0	0	0
t2_626	1	1	0	0	0	0	0	0	0	0	0	0	0	0
t2_627	1	0	0	0	0	0	0	0	0	0	0	0	0	0
t2_628	1	0	0	0	0	0	0	0	0	0	0	0	0	0
t2_629	1	1	0	0	0	0	0	0	0	0	0	0	0	0
t2_630	1	0	0	0	0	0	0	0	0	0	0	0	0	0
t2_631	1	0	0	0	0	0	0	0	0	0	0	0	0	0
t2_632	1	0	0	0	0	0	0	0	0	0	0	0	0	0
t2_633	1	1	0	0	0	0	0	0	0	0	0	0	0	0
t2_634	1	0	0	0	0	0	0	0	0	0	0	0	0	0
t2_635	1	0	0	0	0	0	0	0	0	0	0	0	0	0
t2_636	1	1	0	0	0	0	0	0	0	0	0	0	0	0
t2_637	1	0	0	0	0	0	0	0	0	0	0	0	0	0
t2_638	1	1	0	0	0	0	0	0	0	0	0	0	0	0
t2_639	1	1	0	0	0	0	0	0	0	0	0	0	0	0
t2_640	1	1	0	0	0	0	0	0	0	0	0	0	0	0
t2_641	1	0	0	0	0	0	0	0	0	0	0	0	0	0
t2_642	1	1	0	0	0	0	0	0	0	0	0	0	0	0
t2_643	1	1	0	0	0	0	0	0	0	0	0	0	0	0
t2_644	1	1	0	0	0	0	0	0	0	0	0	0	0	0
t2_645	1	1	0	0	0	0	0	0	0	0	0	0	0	0
t2_646	1	1	0	0	0	0	0	0	0	0	0	0	0	0
t2_647	1	0	0	0	0	0	0	0	0	0	0	0	0	0
t2_648	1	1	0	0	0	0	0	0	0	0	0	0	0	0
t2_649	1	0	0	0	0	0	0	0	0	0	0	0	0	0
t2_650	1	1	0	0	0	0	0	0	0	0	0	0	0	0
t2_651	1	0	0	0	0	0	0	0	0	0	0	0	0	0
t2_652	1	1	0	0	0	0	0	0	0	0	0	0	0	0
t2_653	1	1	0	0	0	0	0	0	0	0	0	0	0	0
t2_654	1	0	0	0	0	0	0	0	0	0	0	0	0	0
t2_655	1	0	0	0	0	0	0	0	0	0	0	0	0	0
t2_656	1	1	0	0	0	0	0	0	0	0	0	0	0	0
t2_657	1	0	0	0	0	0	0	0	0	0	0	0	0	0
t2_658	1	1	0	0	0	0	0	0	0	0	0	0	0	0
t2_659	1	1	0	0	0	0	0	0	0	0	0	0	0	0
t2_660	1	0	0	0	0	0	0	0	0	0	0	0	0	0
t2_661	1	1	0	0	0	0	0	0	0	0	0	0	0	0
t2_662	1	1	0	0	0	0	0	0	0	0	0	0	0	0
t2_663	1	1	0	0	0	0	0	0	0	0	0	0	0	0
t2_664	1	0	0	0	0	0	0	0	0	0	0	0	0	0
t2_665	1	1	0	0	0	0	0	0	0	0	0	0	0	0
t2_666	1	0	0	0	0	0	0	0	0	0	0	0	0	0
t2_667	1	0	0	0	0	0	0	0	0	0	0	0	0	0
t2_668	1	0	0	0	0	0	0	0	0	0	0	0	0	0
t2_669	1	1	0	0	0	0	0	0	0	0	0	0	0	0
t2_670	1	1	0	0	0	0	0	0	0	0	0	0	0	0
t2_671	1	0	0	0	0	0	0	0	0	0	0	0	0	0
t2_672	1	0	0	0	0	0	0	0	0	0	0	0	0	0
t2_673	1	0	0	0	0	0	0	0	0	0	0	0	0	0
t2_674	1	1	0	0	0	0	0	0	0	0	0	0	0	0
t2_675	1	0	0	0	0	0	0	0	0	0	0	0	0	0
t2_676	1	1	0	0	0	0	0	0	0	0	0	0	0	0
t2_677	1	1	0	0	0	0	0	0	0	0	0	0	0	0
t2_678	1	0	0	0	0	0	0	0	0	0	0	0	0	0
t2_679	1	1	0	0	0	0	0	0	0	0	0	0	0	0
t2_680	1	1	0	0	0	0	0	0	0	0	0	0	0	0
t2_681	1	0	0	0	0	0	0	0	0	0	0	0	0	0
t2_682	1	0	0	0	0	0	0	0	0	0	0	0	0	0
t2_683	1	0	0	0	0	0	0	0	0	0	0	0	0	0
t2_684	1	0	0	0	0	0	0	0	0	0	0	0	0	0
t2_685	1	1	0	0	0	0	0	0	0	0	0	0	0	0
t2_686	1	0	0	0	0	0	0	0	0	0	0	0	0	0
t2_687	1	1	0	0	0	0	0	0	0	0	0	0	0	0
t2_688	1	1	0	0	0	0	0	0	0	0	0	0	0	0
t2_689	1	0	0	0	0	0	0	0	0	0	0	0	0	0
t2_690	1	0	0	0	0	0	0	0	0	0	0	0	0	0
t2_691	1	1	0	0	0	0	0	0	0	0	0	0	0	0
t2_692	1	0	0	0	0	0	0	0	0	0	0	0	0	0
t2_693	1	1	0	0	0	0	0	0	0	0	0	0	0	0
t2_694	1	0	0	0	0	0	0	0	0	0	0	0	0	0
t2_695	1	1	0	0	0	0	0	0	0	0	0	0	0	0
t2_696	1	0	0	0	0	0	0	0	0	0	0	0	0	0
t2_697	1	0	0	0	0	0	0	0	0	0	0	0	0	0
t2_698	1	0	0	0	0	0	0	0	0	0	0	0	0	0
t2_699	1	1	0	0	0	0	0	0	0	0	0	0	0	0
t2_700	1	0	0	0	0	0	0	0	0	0	0	0	0	0
t2_701	1	0	0	0	0	0	0	0	0	0	0	0	0	0
t2_702	1	0	0	0	0	0	0	0	0	0	0	0	0	0
t2_703	1	0	0	0	0	0	0	0	0	0	0	0	0	0
t2_704	1	0	0	0	0	0	0	0	0	0	0	0	0	0
t2_705	1	1	0	0	0	0	0	0	0	0	0	0	0	0
t2_706	1	0	0	0	0	0	0	0	0	0	0	0	0	0
t2_707	1	0	0	0	0	0	0	0	0	0	0	0	0	0
t2_708	1	1	0	0	0	0	0	0	0	0	0	0	0	0
t2_709	1	1	0	0	0	0	0	0	0	0	0	0	0	0
t2_710	1	0	0	0	0	0	0	0	0	0	0	0	0	0
t2_711	1	1	0	0	0	0	0	0	0	0	0	0	0	0
t2_712	1	1	0	0	0	0	0	0	0	0	0	0	0	0
t2_713	1	0	0	0	0	0	0	0	0	0	0	0	0	0
t2_714	1	0	0	0	0	0	0	0	0	0	0	0	0	0
t2_715	1	1	0	0	0	0	0	0	0	0	0	0	0	0
t2_716	1	0	0	0	0	0	0	0	0	0	0	0	0	0
t2_717	1	0	0	0	0	0	0	0	0	0	0	0	0	0
t2_718	1	0	0	0	0	0	0	0	0	0	0	0	0	0
t2_719	1	1	0	0	0	0	0	0	0	0	0	0	0	0
t2_720	1	0	0	0	0	0	0	0	0	0	0	0	0	0
t2_721	1	0	0	0	0	0	0	0	0	0	0	0	0	0
t2_722	1	0	0	0	0	0	0	0	0	0	0	0	0	0
t2_723	1	1	0	0	0	0	0	0	0	0	0	0	0	0
t2_724	1	0	0	0	0	0	0	0	0	0	0	0	0	0
t2_725	1	0	0	0	0	0	0	0	0	0	0	0	0	0
t2_726	1	0	0	0	0	0	0	0	0	0	0	0	0	0
t2_727	1	0	0	0	0	0	0	0	0	0	0	0	0	0
t2_728	1	1	0	0	0	0	0	0	0	0	0	0	0	0
t2_729	1	1	0	0	0	0	0	0	0	0	0	0	0	0
t2_730	1	0	0	0	0	0	0	0	0	0	0	0	0	0
t2_731	1	0	0	0	0	0	0	0	0	0	0	0	0	0
t2_732	1	1	0	0	0	0	0	0	0	0	0	0	0	0
t2_733	1	1	0	0	0	0	0	0	0	0	0	0	0	0
t2_734	1	1	0	0	0	0	0	0	0	0	0	0	0	0
t2_735	1	0	0	0	0	0	0	0	0	0	0	0	0	0
t2_736	1	0	0	0	0	0	0	0	0	0	0	0	0	0
t2_737	1	1	0	0	0	0	0	0	0	0	0	0	0	0
t2_738	1	1	0	0	0	0	0	0	0	0	0	0	0	0
t2_739	1	1	0	0	0	0	0	0	0	0	0	0	0	0
t2_740	1	0	0	0	0	0	0	0	0	0	0	0	0	0
t2_741	1	1	0	0	0	0	0	0	0	0	0	0	0	0
t2_742	1	1	0	0	0	0	0	0	0	0	0	0	0	0
t2_743	1	1	0	0	0	0	0	0	0	0	0	0	0	0
t2_744	1	1	0	0	0	0	0	0	0	0	0	0	0	0
t2_745	1	0	0	0	0	0	0	0	0	0	0	0	0	0
t2_746	1	1	0	0	0	0	0	0	0	0	0	0	0	0
t2_747	1	0	0	0	0	0	0	0	0	0	0	0	0	0
t2_748	1	1	0	0	0	0	0	0	0	0	0	0	0	0
t2_749	1	0	0	0	0	0	0	0	0	0	0	0	0	0
t2_750	1	0	0	0	0	0	0	0	0	0	0	0	0	0
t2_751	1	1	0	0	0	0	0	0	0	0	0	0	0	0
t2_752	1	1	0	0	0	0	0	0	0	0	0	0	0	0
t2_753	1	1	0	0	0	0	0	0	0	0	0	0	0	0
t2_754	1	0	0	0	0	0	0	0	0	0	0	0	0	0
t2_755	1	0	0	0	0	0	0	0	0	0	0	0	0	0
t2_756	1	1	0	0	0	0	0	0	0	0	0	0	0	0
t2_757	1	1	0	0	0	0	0	0	0	0	0	0	0	0
t2_758	1	1	0	0	0	0	0	0	0	0	0	0	0	0
t2_759	1	1	0	0	0	0	0	0	0	0	0	0	0	0
t2_760	1	1	0	0	0	0	0	0	0	0	0	0	0	0
t2_761	1	0	0	0	0	0	0	0	0	0	0	0	0	0
t2_762	1	1	0	0	0	0	0	0	0	0	0	0	0	0
t2_763	1	0	0	0	0	0	0	0	0	0	0	0	0	0
t2_764	1	0	0	0	0	0	0	0	0	0	0	0	0	0
t2_765	1	1	0	0	0	0	0	0	0	0	0	0	0	0
t2_766	1	1	0	0	0	0	0	0	0	0	0	0	0	0
t2_767	1	1	0	0	0	0	0	0	0	0	0	0	0	0
t2_768	1	1	0	0	0	0	0	0	0	0	0	0	0	0
t2_769	1	0	0	0	0	0	0	0	0	0	0	0	0	0
t2_770	1	1	0	0	0	0	0	0	0	0	0	0	0	0
t2_771	1	1	0	0	0	0	0	0	0	0	0	0	0	0
t2_772	1	1	0	0	0	0	0	0	0	0	0	0	0	0
t2_773	1	1	0	0	0	0	0	0	0	0	0	0	0	0
t2_774	1	0	0	0	0	0	0	0	0	0	0	0	0	0
t2_775	1	1	0	0	0	0	0	0	0	0	0	0	0	0
t2_776	1	0	0	0	0	0	0	0	0	0	0	0	0	0
t2_777	1	0	0	0	0	0	0	0	0	0	0	0	0	0
t2_778	1	1	0	0	0	0	0	0	0	0	0	0	0	0
t2_779	1	1	0	0	0	0	0	0	0	0	0	0	0	0
t2_780	1	1	0	0	0	0	0	0	0	0	0	0	0	0
t2_781	1	0	0	0	0	0	0	0	0	0	0	0	0	0
t2_782	1	0	0	0	0	0	0	0	0	0	0	0	0	0
t2_783	1	1	0	0	0	0	0	0	0	0	0	0	0	0
t2_784	1	1	0	0	0	0	0	0	0	0	0	0	0	0
t2_785	1	0	0	0	0	0	0	0	0	0	0	0	0	0
t2_786	1	0	0	0	0	0	0	0	0	0	0	0	0	0
t2_787	1	1	0	0	0	0	0	0	0	0	0	0	0	0
t2_788	1	1	0	0	0	0	0	0	0	0	0	0	0	0
t2_789	1	0	0	0	0	0	0	0	0	0	0	0	0	0
t2_790	1	1	0	0	0	0	0	0	0	0	0	0	0	0
t2_791	1	1	0	0	0	0	0	0	0	0	0	0	0	0
t2_792	1	1	0	0	0	0	0	0	0	0	0	0	0	0
t2_793	1	1	0	0	0	0	0	0	0	0	0	0	0	0
t2_794	1	1	0	0	0	0	0	0	0	0	0	0	0	0
t2_795	1	0	0	0	0	0	0	0	0	0	0	0	0	0
t2_796	1	0	0	0	0	0	0	0	0	0	0	0	0	0
t2_797	1	1	0	0	0	0	0	0	0	0	0	0	0	0
t2_798	1	1	0	0	0	0	0	0	0	0	0	0	0	0
t2_799	1	0	0	0	0	0	0	0	0	0	0	0	0	0
t2_800	1	0	0	0	0	0	0	0	0	0	0	0	0	0
t2_801	1	1	0	0	0	0	0	0	0	0	0	0	0	0
t2_802	1	0	0	0	0	0	0	0	0	0	0	0	0	0
t2_803	1	0	0	0	0	0	0	0	0	0	0	0	0	0
t2_804	1	0	0	0	0	0	0	0	0	0	0	0	0	0
t2_805	1	0	0	0	0	0	0	0	0	0	0	0	0	0
t2_806	1	1	0	0	0	0	0	0	0	0	0	0	0	0
t2_807	1	0	0	0	0	0	0	0	0	0	0	0	0	0
t2_808	1	0	0	0	0	0	0	0	0	0	0	0	0	0
t2_809	1	0	0	0	0	0	0	0	0	0	0	0	0	0
t2_810	1	1	0	0	0	0	0	0	0	0	0	0	0	0
t2_811	1	1	0	0	0	0	0	0	0	0	0	0	0	0
t2_812	1	1	0	0	0	0	0	0	0	0	0	0	0	0
t2_813	1	0	0	0	0	0	0	0	0	0	0	0	0	0
t2_814	1	1	0	0	0	0	0	0	0	0	0	0	0	0
t2_815	1	1	0	0	0	0	0	0	0	0	0	0	0	0
t2_816	1	0	0	0	0	0	0	0	0	0	0	0	0	0
t2_817	1	1	0	0	0	0	0	0	0	0	0	0	0	0
t2_818	1	1	0	0	0	0	0	0	0	0	0	0	0	0
t2_819	1	1	0	0	0	0	0	0	0	0	0	0	0	0
t2_820	1	1	0	0	0	0	0	0	0	0	0	0	0	0
t2_821	1	1	0	0	0	0	0	0	0	0	0	0	0	0
t2_822	1	0	0	0	0	0	0	0	0	0	0	0	0	0
t2_823	1	1	0	0	0	0	0	0	0	0	0	0	0	0
t2_824	1	0	0	0	0	0	0	0	0	0	0	0	0	0
t2_825	1	0	0	0	0	0	0	0	0	0	0	0	0	0
t2_826	1	1	0	0	0	0	0	0	0	0	0	0	0	0
t2_827	1	1	0	0	0	0	0	0	0	0	0	0	0	0
t2_828	1	1	0	0	0	0	0	0	0	0	0	0	0	0
t2_829	1	1	0	0	0	0	0	0	0	0	0	0	0	0
t2_830	1	1	0	0	0	0	0	0	0	0	0	0	0	0
t2_831	1	1	0	0	0	0	0	0	0	0	0	0	0	0
t2_832	1	1	0	0	0	0	0	0	0	0	0	0	0	0
t2_833	1	0	0	0	0	0	0	0	0	0	0	0	0	0
t2_834	1	1	0	0	0	0	0	0	0	0	0	0	0	0
t2_835	1	0	0	0	0	0	0	0	0	0	0	0	0	0
t2_836	1	1	0	0	0	0	0	0	0	0	0	0	0	0
t2_837	1	1	0	0	0	0	0	0	0	0	0	0	0	0
t2_838	1	1	0	0	0	0	0	0	0	0	0	0	0	0
t2_839	1	1	0	0	0	0	0	0	0	0	0	0	0	0
t2_840	1	1	0	0	0	0	0	0	0	0	0	0	0	0
t2_841	1	0	0	0	0	0	0	0	0	0	0	0	0	0
t2_842	1	1	0	0	0	0	0	0	0	0	0	0	0	0
t2_843	1	1	0	0	0	0	0	0	0	0	0	0	0	0
t2_844	1	1	0	0	0	0	0	0	0	0	0	0	0	0
t2_845	1	1	0	0	0	0	0	0	0	0	0	0	0	0
t2_846	1	0	0	0	0	0	0	0	0	0	0	0	0	0
t2_847	1	0	0	0	0	0	0	0	0	0	0	0	0	0
t2_848	1	1	0	0	0	0	0	0	0	0	0	0	0	0
t2_849	1	0	0	0	0	0	0	0	0	0	0	0	0	0
t2_850	1	1	0	0	0	0	0	0	0	0	0	0	0	0
t2_851	1	1	0	0	0	0	0	0	0	0	0	0	0	0
t2_852	1	0	0	0	0	0	0	0	0	0	0	0	0	0
t2_853	1	0	0	0	0	0	0	0	0	0	0	0	0	0
t2_854	1	0	0	0	0	0	0	0	0	0	0	0	0	0
t2_855	1	1	0	0	0	0	0	0	0	0	0	0	0	0
t2_856	1	1	0	0	0	0	0	0	0	0	0	0	0	0
t2_857	1	0	0	0	0	0	0	0	0	0	0	0	0	0
t2_858	1	0	0	0	0	0	0	0	0	0	0	0	0	0
t2_859	1	0	0	0	0	0	0	0	0	0	0	0	0	0
t2_860	1	0	0	0	0	0	0	0	0	0	0	0	0	0
t2_861	1	1	0	0	0	0	0	0	0	0	0	0	0	0
t2_862	1	1	0	0	0	0	0	0	0	0	0	0	0	0
t2_863	1	0	0	0	0	0	0	0	0	0	0	0	0	0
t2_864	1	0	0	0	0	0	0	0	0	0	0	0	0	0
t2_865	1	0	0	0	0	0	0	0	0	0	0	0	0	0
t2_866	1	0	0	0	0	0	0	0	0	0	0	0	0	0
t2_867	1	1	0	0	0	0	0	0	0	0	0	0	0	0
t2_868	1	1	0	0	0	0	0	0	0	0	0	0	0	0
t2_869	1	0	0	0	0	0	0	0	0	0	0	0	0	0
t2_870	1	0	0	0	0	0	0	0	0	0	0	0	0	0
t2_871	1	0	0	0	0	0	0	0	0	0	0	0	0	0
t2_872	1	1	0	0	0	0	0	0	0	0	0	0	0	0
t2_873	1	1	0	0	0	0	0	0	0	0	0	0	0	0
t2_874	1	1	0	0	0	0	0	0	0	0	0	0	0	0
t2_875	1	1	0	0	0	0	0	0	0	0	0	0	0	0
t2_876	1	0	0	0	0	0	0	0	0	0	0	0	0	0
t2_877	1	0	0	0	0	0	0	0	0	0	0	0	0	0
t2_878	1	1	0	0	0	0	0	0	0	0	0	0	0	0
t2_879	1	0	0	0	0	0	0	0	0	0	0	0	0	0
t2_880	1	0	0	0	0	0	0	0	0	0	0	0	0	0
t2_881	1	1	0	0	0	0	0	0	0	0	0	0	0	0
t2_882	1	1	0	0	0	0	0	0	0	0	0	0	0	0
t2_883	1	1	0	0	0	0	0	0	0	0	0	0	0	0
t2_884	1	0	0	0	0	0	0	0	0	0	0	0	0	0
t2_885	1	0	0	0	0	0	0	0	0	0	0	0	0	0
t2_886	1	0	0	0	0	0	0	0	0	0	0	0	0	0
t2_887	1	1	0	0	0	0	0	0	0	0	0	0	0	0
t2_888	1	0	0	0	0	0	0	0	0	0	0	0	0	0
t2_889	1	0	0	0	0	0	0	0	0	0	0	0	0	0
t2_890	1	1	0	0	0	0	0	0	0	0	0	0	0	0
t2_891	1	0	0	0	0	0	0	0	0	0	0	0	0	0
t2_892	1	0	0	0	0	0	0	0	0	0	0	0	0	0
t2_893	1	0	0	0	0	0	0	0	0	0	0	0	0	0
t2_894	1	0	0	0	0	0	0	0	0	0	0	0	0	0
t2_895	1	0	0	0	0	0	0	0	0	0	0	0	0	0
t2_896	1	1	0	0	0	0	0	0	0	0	0	0	0	0
t2_897	1	0	0	0	0	0	0	0	0	0	0	0	0	0
t2_898	1	1	0	0	0	0	0	0	0	0	0	0	0	0
t2_899	1	1	0	0	0	0	0	0	0	0	0	0	0	0
t2_900	1	0	0	0	0	0	0	0	0	0	0	0	0	0
t2_901	1	0	0	0	0	0	0	0	0	0	0	0	0	0
t2_902	1	1	0	0	0	0	0	0	0	0	0	0	0	0
t2_903	1	1	0	0	0	0	0	0	0	0	0	0	0	0
t2_904	1	0	0	0	0	0	0	0	0	0	0	0	0	0
t2_905	1	0	0	0	0	0	0	0	0	0	0	0	0	0
t2_906	1	0	0	0	0	0	0	0	0	0	0	0	0	0
t2_907	1	0	0	0	0	0	0	0	0	0	0	0	0	0
t2_908	1	1	0	0	0	0	0	0	0	0	0	0	0	0
t2_909	1	1	0	0	0	0	0	0	0	0	0	0	0	0
t2_910	1	0	0	0	0	0	0	0	0	0	0	0	0	0
t2_911	1	1	0	0	0	0	0	0	0	0	0	0	0	0
t2_912	1	1	0	0	0	0	0	0	0	0	0	0	0	0
t2_913	1	0	0	0	0	0	0	0	0	0	0	0	0	0
t2_914	1	1	0	0	0	0	0	0	0	0	0	0	0	0
t2_915	1	0	0	0	0	0	0	0	0	0	0	0	0	0
t2_916	1	1	0	0	0	0	0	0	0	0	0	0	0	0
t2_917	1	1	0	0	0	0	0	0	0	0	0	0	0	0
t2_918	1	1	0	0	0	0	0	0	0	0	0	0	0	0
t2_919	1	0	0	0	0	0	0	0	0	0	0	0	0	0
t2_920	1	0	0	0	0	0	0	0	0	0	0	0	0	0
t2_921	1	1	0	0	0	0	0	0	0	0	0	0	0	0
t2_922	1	1	0	0	0	0	0	0	0	0	0	0	0	0
t2_923	1	0	0	0	0	0	0	0	0	0	0	0	0	0
t2_924	1	0	0	0	0	0	0	0	0	0	0	0	0	0
t2_925	1	1	0	0	0	0	0	0	0	0	0	0	0	0
t2_926	1	1	0	0	0	0	0	0	0	0	0	0	0	0
t2_927	1	0	0	0	0	0	0	0	0	0	0	0	0	0
t2_928	1	1	0	0	0	0	0	0	0	0	0	0	0	0
t2_929	1	0	0	0	0	0	0	0	0	0	0	0	0	0
t2_930	1	0	0	0	0	0	0	0	0	0	0	0	0	0
t2_931	1	1	0	0	0	0	0	0	0	0	0	0	0	0
t2_932	1	0	0	0	0	0	0	0	0	0	0	0	0	0
t2_933	1	1	0	0	0	0	0	0	0	0	0	0	0	0
t2_934	1	0	0	0	0	0	0	0	0	0	0	0	0	0
t2_935	1	1	0	0	0	0	0	0	0	0	0	0	0	0
t2_936	1	0	0	0	0	0	0	0	0	0	0	0	0	0
t2_937	1	0	0	0	0	0	0	0	0	0	0	0	0	0
t2_938	1	1	0	0	0	0	0	0	0	0	0	0	0	0
t2_939	1	0	0	0	0	0	0	0	0	0	0	0	0	0
t2_940	1	1	0	0	0	0	0	0	0	0	0	0	0	0
t2_941	1	1	0	0	0	0	0	0	0	0	0	0	0	0
t2_942	1	0	0	0	0	0	0	0	0	0	0	0	0	0
t2_943	1	0	0	0	0	0	0	0	0	0	0	0	0	0
t2_944	1	0	0	0	0	0	0	0	0	0	0	0	0	0
t2_945	1	1	0	0	0	0	0	0	0	0	0	0	0	0
t2_946	1	0	0	0	0	0	0	0	0	0	0	0	0	0
t2_947	1	1	0	0	0	0	0	0	0	0	0	0	0	0
t2_948	1	0	0	0	0	0	0	0	0	0	0	0	0	0
t2_949	1	0	0	0	0	0	0	0	0	0	0	0	0	0
t2_950	1	1	0	0	0	0	0	0	0	0	0	0	0	0
t2_951	1	0	0	0	0	0	0	0	0	0	0	0	0	0
t2_952	1	0	0	0	0	0	0	0	0	0	0	0	0	0
t2_953	1	0	0	0	0	0	0	0	0	0	0	0	0	0
t2_954	1	0	0	0	0	0	0	0	0	0	0	0	0	0
t2_955	1	0	0	0	0	0	0	0	0	0	0	0	0	0
t2_956	1	0	0	0	0	0	0	0	0	0	0	0	0	0
t2_957	1	1	0	0	0	0	0	0	0	0	0	0	0	0
t2_958	1	1	0	0	0	0	0	0	0	0	0	0	0	0
t2_959	1	0	0	0	0	0	0	0	0	0	0	0	0	0
t2_960	1	1	0	0	0	0	0	0	0	0	0	0	0	0
t2_961	1	1	0	0	0	0	0	0	0	0	0	0	0	0
t2_962	1	1	0	0	0	0	0	0	0	0	0	0	0	0
t2_963	1	0	0	0	0	0	0	0	0	0	0	0	0	0
t2_964	1	1	0	0	0	0	0	0	0	0	0	0	0	0
t2_965	1	0	0	0	0	0	0	0	0	0	0	0	0	0
t2_966	1	1	0	0	0	0	0	0	0	0	0	0	0	0
t2_967	1	0	0	0	0	0	0	0	0	0	0	0	0	0
t2_968	1	0	0	0	0	0	0	0	0	0	0	0	0	0
t2_969	1	1	0	0	0	0	0	0	0	0	0	0	0	0
t2_970	1	1	0	0	0	0	0	0	0	0	0	0	0	0
t2_971	1	0	0	0	0	0	0	0	0	0	0	0	0	0
t2_972	1	1	0	0	0	0	0	0	0	0	0	0	0	0
t2_973	1	0	0	0	0	0	0	0	0	0	0	0	0	0
t2_974	1	1	0	0	0	0	0	0	0	0	0	0	0	0
t2_975	1	1	0	0	0	0	0	0	0	0	0	0	0	0
t2_976	1	1	0	0	0	0	0	0	0	0	0	0	0	0
t2_977	1	0	0	0	0	0	0	0	0	0	0	0	0	0
t2_978	1	1	0	0	0	0	0	0	0	0	0	0	0	0
t2_979	1	1	0	0	0	0	0	0	0	0	0	0	0	0
t2_980	1	0	0	0	0	0	0	0	0	0	0	0	0	0
t2_981	1	1	0	0	0	0	0	0	0	0	0	0	0	0
t2_982	1	1	0	0	0	0	0	0	0	0	0	0	0	0
t2_983	1	1	0	0	0	0	0	0	0	0	0	0	0	0
t2_984	1	1	0	0	0	0	0	0	0	0	0	0	0	0
t2_985	1	0	0	0	0	0	0	0	0	0	0	0	0	0
t2_986	1	0	0	0	0	0	0	0	0	0	0	0	0	0
t2_987	1	0	0	0	0	0	0	0	0	0	0	0	0	0
t2_988	1	1	0	0	0	0	0	0	0	0	0	0	0	0
t2_989	1	0	0	0	0	0	0	0	0	0	0	0	0	0
t2_990	1	0	0	0	0	0	0	0	0	0	0	0	0	0
t2_991	1	1	0	0	0	0	0	0	0	0	0	0	0	0
t2_992	1	1	0	0	0	0	0	0	0	0	0	0	0	0
t2_993	1	1	0	0	0	0	0	0	0	0	0	0	0	0
t2_994	1	0	0	0	0	0	0	0	0	0	0	0	0	0
t2_995	1	0	0	0	0	0	0	0	0	0	0	0	0	0
t2_996	1	0	0	0	0	0	0	0	0	0	0	0	0	0
t2_997	1	0	0	0	0	0	0	0	0	0	0	0	0	0
t2_998	1	1	0	0	0	0	0	0	0	0	0	0	0	0
t2_999	1	1	0	0	0	0	0	0	0	0	0	0	0	0
t2_1000	1	1	0	0	0	0	0	0	0	0	0	0	0	0
t3_1	1	0	0	0	0	1	0	0	1	0	0	0	0	0
t3_2	1	0	1	0	0	0	0	0	0	0	0	0	0	0
t3_3	1	0	0	0	0	1	0	0	0	0	0	0	0	0
t3_4	1	0	0	0	0	0	0	1	0	0	0	0	0	0
t3_5	1	0	0	0	0	1	0	0	1	0	0	0	0	0
t3_6	1	1	0	1	0	0	1	0	0	0	0	0	0	0
t3_7	1	0	1	0	0	0	0	0	0	0	0	0	0	0
t3_8	1	0	0	0	0	1	0	0	1	0	0	0	0	0
t3_9	1	0	0	0	0	1	0	0	1	0	0	0	0	0
t3_10	1	1	0	1	0	0	0	0	0	0	0	0	0	0
t3_11	1	0	0	0	1	0	0	0	0	0	0	0	0	0
t3_12	1	1	0	1	0	0	1	0	0	0	0	0	0	0
t3_13	1	0	0	0	0	1	0	0	1	0	0	0	0	0
t3_14	1	1	0	1	0	0	0	0	0	1	0	0	0	0
t3_15	1	0	0	0	0	1	0	0	1	0	0	0	0	0
t3_16	1	0	0	0	0	0	0	1	0	0	0	0	0	0
t3_17	1	1	0	1	0	0	0	0	0	0	0	0	0	0
t3_18	1	1	0	1	0	0	0	0	0	1	0	0	0	0
t3_19	1	1	0	0	0	0	0	0	0	0	0	0	0	0
t3_20	1	0	0	0	0	0	0	1	0	0	0	0	0	0
t3_21	1	0	0	0	0	1	0	0	0	0	0	0	0	0
t3_22	1	1	0	1	0	0	0	0	0	1	0	0	0	0
t3_23	1	1	0	1	0	0	1	0	0	0	0	0	0	0
t3_24	1	0	0	0	1	0	0	0	0	0	0	0	0	0
t3_25	1	0	0	0	0	1	0	0	1	0	0	0	0	0
t3_26	1	0	0	0	1	0	0	0	0	0	0	0	0	0
t3_27	1	0	0	0	0	1	0	0	1	0	0	0	0	0
t3_28	1	0	0	0	0	0	0	0	0	0	0	0	0	0
t3_29	1	1	0	1	0	0	1	0	0	0	0	0	0	0
t3_30	1	1	0	1	0	0	1	0	0	0	0	0	0	0
t3_31	1	0	0	0	1	0	0	0	0	0	0	0	0	0
t3_32	1	0	0	0	0	1	0	0	1	0	0	0	0	0
t3_33	1	1	0	1	0	0	0	0	0	0	1	0	0	0
t3_34	1	1	0	1	0	0	1	0	0	0	0	0	0	0
t3_35	1	1	0	0	0	0	0	0	0	0	0	0	0	0
t3_36	1	0	0	0	0	1	0	0	0	0	0	0	0	0
t3_37	1	0	1	0	0	0	0	0	0	0	0	0	0	0
t3_38	1	0	0	0	0	1	0	0	0	0	0	0	0	0
t3_39	1	1	0	1	0	0	1	0	0	0	0	0	0	0
t3_40	1	1	0	0	0	0	0	0	0	0	0	0	0	0
t3_41	1	1	0	0	0	0	0	0	0	0	0	0	0	0
t3_42	1	0	0	0	0	1	0	0	0	0	0	0	0	0
t3_43	1	0	0	0	0	1	0	0	1	0	0	0	0	0
t3_44	1	1	0	1	0	0	0	0	0	0	0	0	0	0
t3_45	1	0	0	0	0	0	0	1	0	0	0	0	0	0
t3_46	1	1	0	1	0	0	0	0	0	1	0	0	0	0
t3_47	1	0	0	0	1	0	0	0	0	0	0	0	0	0
t3_48	1	0	0	0	0	1	0	0	0	0	0	0	0	0
t3_49	1	0	0	0	0	1	0	0	1	0	0	0	0	0
t3_50	1	1	0	1	0	0	1	0	0	0	0	0	0	0
t3_51	1	0	0	0	0	1	0	0	1	0	0	0	0	0
t3_52	1	1	0	1	0	0	1	0	0	0	0	0	0	0
t3_53	1	0	0	0	0	1	0	0	1	0	0	0	0	0
t3_54	1	1	0	1	0	0	0	0	0	1	0	0	0	0
t3_55	1	0	0	0	1	0	0	0	0	0	0	0	0	0
t3_56	1	0	0	0	0	0	0	1	0	0	0	0	0	0
t3_57	1	0	0	0	1	0	0	0	0	0	0	0	0	0
t3_58	1	0	0	0	0	0	0	1	0	0	0	0	0	0
t3_59	1	1	0	1	0	0	0	0	0	1	0	0	0	0
t3_60	1	1	0	1	0	0	0	0	0	0	0	0	0	0
t3_61	1	1	0	1	0	0	0	0	0	0	1	0	0	0
t3_62	1	0	0	0	0	1	0	0	0	0	0	0	0	0
t3_63	1	1	0	0	0	0	0	0	0	0	0	0	0	0
t3_64	1	0	0	0	1	0	0	0	0	0	0	0	0	0
t3_65	1	1	0	0	0	0	0	0	0	0	0	0	0	0
t3_66	1	0	0	0	1	0	0	0	0	0	0	0	0	0
t3_67	1	0	1	0	0	0	0	0	0	0	0	0	0	0
t3_68	1	0	0	0	0	1	0	0	1	0	0	0	0	0
t3_69	1	1	0	1	0	0	1	0	0	0	0	0	0	0
t3_70	1	0	0	0	0	1	0	0	0	0	0	0	0	0
t3_71	1	0	0	0	1	0	0	0	0	0	0	0	0	0
t3_72	1	1	0	0	0	0	0	0	0	0	0	0	0	0
t3_73	1	1	0	1	0	0	1	0	0	0	0	0	0	0
t3_74	1	0	0	0	0	1	0	0	1	0	0	0	0	0
t3_75	1	0	0	0	0	1	0	0	0	0	0	0	0	0
t3_76	1	0	0	0	0	1	0	0	0	0	0	0	0	0
t3_77	1	1	0	1	0	0	1	0	0	0	0	0	0	0
t3_78	1	1	0	1	0	0	1	0	0	0	0	0	0	0
t3_79	1	1	0	1	0	0	0	0	0	0	0	0	0	0
t3_80	1	1	0	1	0	0	0	0	0	1	0	0	0	0
t3_81	1	1	0	1	0	0	1	0	0	0	0	0	0	0
t3_82	1	0	0	0	0	0	0	1	0	0	0	0	0	0
t3_83	1	1	0	1	0	0	0	0	0	1	0	0	0	0
t3_84	1	1	0	1	0	0	0	0	0	0	0	0	0	0
t3_85	1	1	0	1	0	0	1	0	0	0	0	0	0	0
t3_86	1	0	0	0	0	1	0	0	1	0	0	0	0	0
t3_87	1	0	1	0	0	0	0	0	0	0	0	1	0	0
t3_88	1	0	0	0	0	1	0	0	0	0	0	0	0	0
t3_89	1	0	0	0	0	0	0	0	0	0	0	0	0	0
t3_90	1	0	1	0	0	0	0	0	0	0	0	0	0	0
t3_91	1	1	0	0	0	0	0	0	0	0	0	0	0	0
t3_92	1	1	0	1	0	0	1	0	0	0	0	0	0	0
t3_93	1	1	0	1	0	0	1	0	0	0	0	0	0	0
t3_94	1	0	1	0	0	0	0	0	0	0	0	0	0	0
t3_95	1	0	0	0	0	1	0	0	0	0	0	0	0	0
t3_96	1	1	0	1	0	0	0	0	0	1	0	0	0	0
t3_97	1	1	0	1	0	0	0	0	0	1	0	0	0	0
t3_98	1	0	0	0	0	0	0	1	0	0	0	0	0	0
t3_99	1	1	0	1	0	0	0	0	0	1	0	0	0	0
t3_100	1	1	0	1	0	0	1	0	0	0	0	0	0	0
